dataset,changepoint_prior_scale,daily_seasonality,seasonality_mode,seasonality_prior_scale,rmse,mae,r2
trace1.csv,0.001,True,additive,0.01,31.424866217644826,24.67284393310547,-0.9644582271575928
trace1.csv,0.001,True,additive,0.1,31.36679054854682,24.5616455078125,-0.9572041034698486
trace1.csv,0.001,True,additive,1.0,31.39708355036738,24.6204891204834,-0.9609863758087158
trace1.csv,0.001,True,additive,10.0,31.377015311271244,24.628158569335938,-0.9584803581237793
trace1.csv,0.001,True,multiplicative,0.01,32.364823675148266,25.704923629760742,-1.0837347507476807
trace1.csv,0.001,True,multiplicative,0.1,29.01601204642232,22.303632736206055,-0.6748325824737549
trace1.csv,0.001,True,multiplicative,1.0,29.517110743772946,22.687345504760742,-0.7331799268722534
trace1.csv,0.001,True,multiplicative,10.0,29.39585571144022,22.460044860839844,-0.718969464302063
trace1.csv,0.001,False,additive,0.01,47.006313468079746,41.603336334228516,-3.395500659942627
trace1.csv,0.001,False,additive,0.1,47.006313468079746,41.603336334228516,-3.395500659942627
trace1.csv,0.001,False,additive,1.0,47.006313468079746,41.603336334228516,-3.395500659942627
trace1.csv,0.001,False,additive,10.0,47.006313468079746,41.603336334228516,-3.395500659942627
trace1.csv,0.001,False,multiplicative,0.01,47.006313468079746,41.603336334228516,-3.395500659942627
trace1.csv,0.001,False,multiplicative,0.1,47.006313468079746,41.603336334228516,-3.395500659942627
trace1.csv,0.001,False,multiplicative,1.0,47.006313468079746,41.603336334228516,-3.395500659942627
trace1.csv,0.001,False,multiplicative,10.0,47.006313468079746,41.603336334228516,-3.395500659942627
trace1.csv,0.01,True,additive,0.01,23.39379127492685,16.84581184387207,-0.08867228031158447
trace1.csv,0.01,True,additive,0.1,23.339350478574136,16.8062744140625,-0.0836111307144165
trace1.csv,0.01,True,additive,1.0,23.315260654655596,16.787290573120117,-0.0813753604888916
trace1.csv,0.01,True,additive,10.0,23.331888353927898,16.76593780517578,-0.08291840553283691
trace1.csv,0.01,True,multiplicative,0.01,22.646032178673156,16.528730392456055,-0.020187973976135254
trace1.csv,0.01,True,multiplicative,0.1,22.50726472346276,16.724172592163086,-0.007723450660705566
trace1.csv,0.01,True,multiplicative,1.0,22.547503699871147,16.793750762939453,-0.011330008506774902
trace1.csv,0.01,True,multiplicative,10.0,22.514262786256044,16.761531829833984,-0.008350253105163574
trace1.csv,0.01,False,additive,0.01,38.80084397489393,32.81830978393555,-1.9948720932006836
trace1.csv,0.01,False,additive,0.1,38.80084397489393,32.81830978393555,-1.9948720932006836
trace1.csv,0.01,False,additive,1.0,38.80084397489393,32.81830978393555,-1.9948720932006836
trace1.csv,0.01,False,additive,10.0,38.80084397489393,32.81830978393555,-1.9948720932006836
trace1.csv,0.01,False,multiplicative,0.01,38.80084397489393,32.81830978393555,-1.9948720932006836
trace1.csv,0.01,False,multiplicative,0.1,38.80084397489393,32.81830978393555,-1.9948720932006836
trace1.csv,0.01,False,multiplicative,1.0,38.80084397489393,32.81830978393555,-1.9948720932006836
trace1.csv,0.01,False,multiplicative,10.0,38.80084397489393,32.81830978393555,-1.9948720932006836
trace1.csv,0.05,True,additive,0.01,23.460501733798502,16.849573135375977,-0.09489011764526367
trace1.csv,0.05,True,additive,0.1,23.424310090644212,16.837852478027344,-0.09151458740234375
trace1.csv,0.05,True,additive,1.0,23.450560163302203,16.84348487854004,-0.09396231174468994
trace1.csv,0.05,True,additive,10.0,23.437677082664358,16.83246421813965,-0.09276080131530762
trace1.csv,0.05,True,multiplicative,0.01,23.037544456600486,16.634252548217773,-0.05576753616333008
trace1.csv,0.05,True,multiplicative,0.1,22.666859046269234,16.586366653442383,-0.022065281867980957
trace1.csv,0.05,True,multiplicative,1.0,22.685093439425565,16.596010208129883,-0.02371037006378174
trace1.csv,0.05,True,multiplicative,10.0,22.66009934971739,16.547592163085938,-0.021455764770507812
trace1.csv,0.05,False,additive,0.01,38.351081078919734,32.3338623046875,-1.9258439540863037
trace1.csv,0.05,False,additive,0.1,38.351081078919734,32.3338623046875,-1.9258439540863037
trace1.csv,0.05,False,additive,1.0,38.351081078919734,32.3338623046875,-1.9258439540863037
trace1.csv,0.05,False,additive,10.0,38.351081078919734,32.3338623046875,-1.9258439540863037
trace1.csv,0.05,False,multiplicative,0.01,38.351081078919734,32.3338623046875,-1.9258439540863037
trace1.csv,0.05,False,multiplicative,0.1,38.351081078919734,32.3338623046875,-1.9258439540863037
trace1.csv,0.05,False,multiplicative,1.0,38.351081078919734,32.3338623046875,-1.9258439540863037
trace1.csv,0.05,False,multiplicative,10.0,38.351081078919734,32.3338623046875,-1.9258439540863037
trace1.csv,0.1,True,additive,0.01,23.571824715328177,16.93415641784668,-0.10530555248260498
trace1.csv,0.1,True,additive,0.1,23.54278176516504,16.907135009765625,-0.10258352756500244
trace1.csv,0.1,True,additive,1.0,23.554455585508393,16.917888641357422,-0.10367727279663086
trace1.csv,0.1,True,additive,10.0,23.59015908103949,16.95168685913086,-0.1070256233215332
trace1.csv,0.1,True,multiplicative,0.01,23.117278588448457,16.666810989379883,-0.06308841705322266
trace1.csv,0.1,True,multiplicative,0.1,22.758696183066487,16.539125442504883,-0.030364155769348145
trace1.csv,0.1,True,multiplicative,1.0,22.761247809719677,16.552597045898438,-0.03059518337249756
trace1.csv,0.1,True,multiplicative,10.0,22.76324010543438,16.571195602416992,-0.03077542781829834
trace1.csv,0.1,False,additive,0.01,38.61406189935459,32.62763977050781,-1.9661076068878174
trace1.csv,0.1,False,additive,0.1,38.61406189935459,32.62763977050781,-1.9661076068878174
trace1.csv,0.1,False,additive,1.0,38.61406189935459,32.62763977050781,-1.9661076068878174
trace1.csv,0.1,False,additive,10.0,38.61406189935459,32.62763977050781,-1.9661076068878174
trace1.csv,0.1,False,multiplicative,0.01,38.61406189935459,32.62763977050781,-1.9661076068878174
trace1.csv,0.1,False,multiplicative,0.1,38.61406189935459,32.62763977050781,-1.9661076068878174
trace1.csv,0.1,False,multiplicative,1.0,38.61406189935459,32.62763977050781,-1.9661076068878174
trace1.csv,0.1,False,multiplicative,10.0,38.61406189935459,32.62763977050781,-1.9661076068878174
trace1.csv,0.5,True,additive,0.01,23.67697191414978,17.02280616760254,-0.11518847942352295
trace1.csv,0.5,True,additive,0.1,23.682026494923317,17.028717041015625,-0.11566460132598877
trace1.csv,0.5,True,additive,1.0,23.67236488767018,17.02214813232422,-0.1147545576095581
trace1.csv,0.5,True,additive,10.0,23.69163907810161,17.031644821166992,-0.11657059192657471
trace1.csv,0.5,True,multiplicative,0.01,23.321583141681764,16.765705108642578,-0.081961989402771
trace1.csv,0.5,True,multiplicative,0.1,22.853978237695564,16.54547119140625,-0.03900957107543945
trace1.csv,0.5,True,multiplicative,1.0,22.884300800866328,16.5926456451416,-0.041768550872802734
trace1.csv,0.5,True,multiplicative,10.0,22.812310037736477,16.568422317504883,-0.035224318504333496
trace1.csv,0.5,False,additive,0.01,39.111792336898695,33.183509826660156,-2.0430660247802734
trace1.csv,0.5,False,additive,0.1,39.111792336898695,33.183509826660156,-2.0430660247802734
trace1.csv,0.5,False,additive,1.0,39.111792336898695,33.183509826660156,-2.0430660247802734
trace1.csv,0.5,False,additive,10.0,39.111792336898695,33.183509826660156,-2.0430660247802734
trace1.csv,0.5,False,multiplicative,0.01,39.111792336898695,33.183509826660156,-2.0430660247802734
trace1.csv,0.5,False,multiplicative,0.1,39.111792336898695,33.183509826660156,-2.0430660247802734
trace1.csv,0.5,False,multiplicative,1.0,39.111792336898695,33.183509826660156,-2.0430660247802734
trace1.csv,0.5,False,multiplicative,10.0,39.111792336898695,33.183509826660156,-2.0430660247802734
trace5.csv,0.001,True,additive,0.01,70.25222068887751,57.654876708984375,-0.626375675201416
trace5.csv,0.001,True,additive,0.1,68.23724983925568,55.210960388183594,-0.5344184637069702
trace5.csv,0.001,True,additive,1.0,67.7779217716765,55.1913948059082,-0.5138306617736816
trace5.csv,0.001,True,additive,10.0,68.14442813567005,55.44965362548828,-0.5302468538284302
trace5.csv,0.001,True,multiplicative,0.01,100.60519506187292,86.05957794189453,-2.3353512287139893
trace5.csv,0.001,True,multiplicative,0.1,67.66110692728135,55.04415512084961,-0.5086170434951782
trace5.csv,0.001,True,multiplicative,1.0,67.72566805341421,55.30162048339844,-0.5114973783493042
trace5.csv,0.001,True,multiplicative,10.0,67.48261494868511,54.88252258300781,-0.5006678104400635
trace5.csv,0.001,False,additive,0.01,166.3589046497061,156.9330596923828,-8.119958877563477
trace5.csv,0.001,False,additive,0.1,166.3589046497061,156.9330596923828,-8.119958877563477
trace5.csv,0.001,False,additive,1.0,166.3589046497061,156.9330596923828,-8.119958877563477
trace5.csv,0.001,False,additive,10.0,166.3589046497061,156.9330596923828,-8.119958877563477
trace5.csv,0.001,False,multiplicative,0.01,166.3589046497061,156.9330596923828,-8.119958877563477
trace5.csv,0.001,False,multiplicative,0.1,166.3589046497061,156.9330596923828,-8.119958877563477
trace5.csv,0.001,False,multiplicative,1.0,166.3589046497061,156.9330596923828,-8.119958877563477
trace5.csv,0.001,False,multiplicative,10.0,166.3589046497061,156.9330596923828,-8.119958877563477
trace5.csv,0.01,True,additive,0.01,71.15620882739256,58.29521179199219,-0.6685006618499756
trace5.csv,0.01,True,additive,0.1,69.6527519870895,57.041805267333984,-0.5987380743026733
trace5.csv,0.01,True,additive,1.0,69.53304070727815,57.0302619934082,-0.5932474136352539
trace5.csv,0.01,True,additive,10.0,69.50658270309727,57.06010437011719,-0.592035174369812
trace5.csv,0.01,True,multiplicative,0.01,79.33348139046495,65.32539367675781,-1.0740242004394531
trace5.csv,0.01,True,multiplicative,0.1,59.07746999438534,47.207191467285156,-0.1501237154006958
trace5.csv,0.01,True,multiplicative,1.0,59.329764841045424,47.43369674682617,-0.15996801853179932
trace5.csv,0.01,True,multiplicative,10.0,59.09015143062125,47.83782196044922,-0.15061748027801514
trace5.csv,0.01,False,additive,0.01,213.58676149869402,205.7523651123047,-14.03313159942627
trace5.csv,0.01,False,additive,0.1,213.58676149869402,205.7523651123047,-14.03313159942627
trace5.csv,0.01,False,additive,1.0,213.58676149869402,205.7523651123047,-14.03313159942627
trace5.csv,0.01,False,additive,10.0,213.58676149869402,205.7523651123047,-14.03313159942627
trace5.csv,0.01,False,multiplicative,0.01,213.58676149869402,205.7523651123047,-14.03313159942627
trace5.csv,0.01,False,multiplicative,0.1,213.58676149869402,205.7523651123047,-14.03313159942627
trace5.csv,0.01,False,multiplicative,1.0,213.58676149869402,205.7523651123047,-14.03313159942627
trace5.csv,0.01,False,multiplicative,10.0,213.58676149869402,205.7523651123047,-14.03313159942627
trace5.csv,0.05,True,additive,0.01,60.74546263276583,48.8270263671875,-0.21598565578460693
trace5.csv,0.05,True,additive,0.1,59.82605604936594,48.16875076293945,-0.17945539951324463
trace5.csv,0.05,True,additive,1.0,60.03251479016392,48.22846603393555,-0.18761003017425537
trace5.csv,0.05,True,additive,10.0,60.1726702427325,48.33293914794922,-0.19316184520721436
trace5.csv,0.05,True,multiplicative,0.01,62.97944620692731,50.82215881347656,-0.3070688247680664
trace5.csv,0.05,True,multiplicative,0.1,57.54051095003089,47.53606414794922,-0.09105885028839111
trace5.csv,0.05,True,multiplicative,1.0,57.63540231150794,47.66029739379883,-0.09466052055358887
trace5.csv,0.05,True,multiplicative,10.0,57.725028844324754,47.59685134887695,-0.09806764125823975
trace5.csv,0.05,False,additive,0.01,154.83060299889038,144.0415496826172,-6.899768829345703
trace5.csv,0.05,False,additive,0.1,154.83060299889038,144.0415496826172,-6.899768829345703
trace5.csv,0.05,False,additive,1.0,154.83060299889038,144.0415496826172,-6.899768829345703
trace5.csv,0.05,False,additive,10.0,154.83060299889038,144.0415496826172,-6.899768829345703
trace5.csv,0.05,False,multiplicative,0.01,154.83060299889038,144.0415496826172,-6.899768829345703
trace5.csv,0.05,False,multiplicative,0.1,154.83060299889038,144.0415496826172,-6.899768829345703
trace5.csv,0.05,False,multiplicative,1.0,154.83060299889038,144.0415496826172,-6.899768829345703
trace5.csv,0.05,False,multiplicative,10.0,154.83060299889038,144.0415496826172,-6.899768829345703
trace5.csv,0.1,True,additive,0.01,60.55983933784006,48.6654052734375,-0.20856547355651855
trace5.csv,0.1,True,additive,0.1,59.993619452405106,48.11117172241211,-0.18607163429260254
trace5.csv,0.1,True,additive,1.0,60.15765826273701,48.373966217041016,-0.19256651401519775
trace5.csv,0.1,True,additive,10.0,60.09662020251742,48.28276062011719,-0.1901477575302124
trace5.csv,0.1,True,multiplicative,0.01,62.702036730526146,50.57212829589844,-0.29557955265045166
trace5.csv,0.1,True,multiplicative,0.1,57.96134133923878,47.572166442871094,-0.10707652568817139
trace5.csv,0.1,True,multiplicative,1.0,57.95021393335727,47.549373626708984,-0.1066514253616333
trace5.csv,0.1,True,multiplicative,10.0,57.89710447881871,47.57273483276367,-0.10462403297424316
trace5.csv,0.1,False,additive,0.01,155.508440285407,144.96266174316406,-6.969089508056641
trace5.csv,0.1,False,additive,0.1,155.508440285407,144.96266174316406,-6.969089508056641
trace5.csv,0.1,False,additive,1.0,155.508440285407,144.96266174316406,-6.969089508056641
trace5.csv,0.1,False,additive,10.0,155.508440285407,144.96266174316406,-6.969089508056641
trace5.csv,0.1,False,multiplicative,0.01,155.508440285407,144.96266174316406,-6.969089508056641
trace5.csv,0.1,False,multiplicative,0.1,155.508440285407,144.96266174316406,-6.969089508056641
trace5.csv,0.1,False,multiplicative,1.0,155.508440285407,144.96266174316406,-6.969089508056641
trace5.csv,0.1,False,multiplicative,10.0,155.508440285407,144.96266174316406,-6.969089508056641
trace5.csv,0.5,True,additive,0.01,61.5590973044399,49.59739303588867,-0.2487781047821045
trace5.csv,0.5,True,additive,0.1,61.106736151794266,49.134761810302734,-0.2304924726486206
trace5.csv,0.5,True,additive,1.0,61.01265197622437,49.03170394897461,-0.22670626640319824
trace5.csv,0.5,True,additive,10.0,60.99738643863153,49.02043533325195,-0.22609257698059082
trace5.csv,0.5,True,multiplicative,0.01,65.59720021297593,53.18898391723633,-0.4179842472076416
trace5.csv,0.5,True,multiplicative,0.1,58.50001252003071,47.3395881652832,-0.12774968147277832
trace5.csv,0.5,True,multiplicative,1.0,58.40856360786811,47.29273986816406,-0.12422657012939453
trace5.csv,0.5,True,multiplicative,10.0,58.431544231931134,47.20774459838867,-0.12511134147644043
trace5.csv,0.5,False,additive,0.01,153.37780152290617,142.5730743408203,-6.7522149085998535
trace5.csv,0.5,False,additive,0.1,153.37780152290617,142.5730743408203,-6.7522149085998535
trace5.csv,0.5,False,additive,1.0,153.37780152290617,142.5730743408203,-6.7522149085998535
trace5.csv,0.5,False,additive,10.0,153.37780152290617,142.5730743408203,-6.7522149085998535
trace5.csv,0.5,False,multiplicative,0.01,153.37780152290617,142.5730743408203,-6.7522149085998535
trace5.csv,0.5,False,multiplicative,0.1,153.37780152290617,142.5730743408203,-6.7522149085998535
trace5.csv,0.5,False,multiplicative,1.0,153.37780152290617,142.5730743408203,-6.7522149085998535
trace5.csv,0.5,False,multiplicative,10.0,153.37780152290617,142.5730743408203,-6.7522149085998535
trace10.csv,0.001,True,additive,0.01,135.21379916404612,111.91304016113281,0.3812643885612488
trace10.csv,0.001,True,additive,0.1,130.9911659115797,107.51303100585938,0.41930633783340454
trace10.csv,0.001,True,additive,1.0,132.20027272806587,108.4227066040039,0.40853673219680786
trace10.csv,0.001,True,additive,10.0,131.87067528453775,108.53971862792969,0.4114822745323181
trace10.csv,0.001,True,multiplicative,0.01,214.16283232624656,187.3068389892578,-0.5522129535675049
trace10.csv,0.001,True,multiplicative,0.1,146.99994021044702,122.62789916992188,0.2686969041824341
trace10.csv,0.001,True,multiplicative,1.0,144.82365354112565,118.43170166015625,0.29019004106521606
trace10.csv,0.001,True,multiplicative,10.0,142.97589121509262,118.11688232421875,0.30818700790405273
trace10.csv,0.001,False,additive,0.01,286.5457124308441,254.77847290039062,-1.778759241104126
trace10.csv,0.001,False,additive,0.1,286.5457124308441,254.77847290039062,-1.778759241104126
trace10.csv,0.001,False,additive,1.0,286.5457124308441,254.77847290039062,-1.778759241104126
trace10.csv,0.001,False,additive,10.0,286.5457124308441,254.77847290039062,-1.778759241104126
trace10.csv,0.001,False,multiplicative,0.01,286.5457124308441,254.77847290039062,-1.778759241104126
trace10.csv,0.001,False,multiplicative,0.1,286.5457124308441,254.77847290039062,-1.778759241104126
trace10.csv,0.001,False,multiplicative,1.0,286.5457124308441,254.77847290039062,-1.778759241104126
trace10.csv,0.001,False,multiplicative,10.0,286.5457124308441,254.77847290039062,-1.778759241104126
trace10.csv,0.01,True,additive,0.01,203.03450868940973,173.34487915039062,-0.3950918912887573
trace10.csv,0.01,True,additive,0.1,197.13025119828768,168.45465087890625,-0.3151329755783081
trace10.csv,0.01,True,additive,1.0,197.49211811804034,169.3475341796875,-0.3199657201766968
trace10.csv,0.01,True,additive,10.0,198.19069297333314,170.45843505859375,-0.32932019233703613
trace10.csv,0.01,True,multiplicative,0.01,304.77581412408693,269.901611328125,-2.1435770988464355
trace10.csv,0.01,True,multiplicative,0.1,148.23840595473226,123.15171813964844,0.25632262229919434
trace10.csv,0.01,True,multiplicative,1.0,148.72572674851853,124.49211883544922,0.25142502784729004
trace10.csv,0.01,True,multiplicative,10.0,149.2121366335527,122.89765930175781,0.24652057886123657
trace10.csv,0.01,False,additive,0.01,352.6900307812797,314.0001220703125,-3.209683895111084
trace10.csv,0.01,False,additive,0.1,352.6900307812797,314.0001220703125,-3.209683895111084
trace10.csv,0.01,False,additive,1.0,352.6900307812797,314.0001220703125,-3.209683895111084
trace10.csv,0.01,False,additive,10.0,352.6900307812797,314.0001220703125,-3.209683895111084
trace10.csv,0.01,False,multiplicative,0.01,352.6900307812797,314.0001220703125,-3.209683895111084
trace10.csv,0.01,False,multiplicative,0.1,352.6900307812797,314.0001220703125,-3.209683895111084
trace10.csv,0.01,False,multiplicative,1.0,352.6900307812797,314.0001220703125,-3.209683895111084
trace10.csv,0.01,False,multiplicative,10.0,352.6900307812797,314.0001220703125,-3.209683895111084
trace10.csv,0.05,True,additive,0.01,128.3689522066181,102.7588882446289,0.4423225522041321
trace10.csv,0.05,True,additive,0.1,129.24567056336934,103.10533905029297,0.4346790313720703
trace10.csv,0.05,True,additive,1.0,128.59150590386986,102.62267303466797,0.44038712978363037
trace10.csv,0.05,True,additive,10.0,128.4001998757206,102.87708282470703,0.4420509934425354
trace10.csv,0.05,True,multiplicative,0.01,155.40373326435886,129.56631469726562,0.1826915740966797
trace10.csv,0.05,True,multiplicative,0.1,126.02872006511056,97.7025375366211,0.4624707102775574
trace10.csv,0.05,True,multiplicative,1.0,127.71918965547033,98.06919860839844,0.44795382022857666
trace10.csv,0.05,True,multiplicative,10.0,127.04229272421448,98.51763916015625,0.4537898898124695
trace10.csv,0.05,False,additive,0.01,284.6704234724781,253.1705322265625,-1.7425072193145752
trace10.csv,0.05,False,additive,0.1,284.6704234724781,253.1705322265625,-1.7425072193145752
trace10.csv,0.05,False,additive,1.0,284.6704234724781,253.1705322265625,-1.7425072193145752
trace10.csv,0.05,False,additive,10.0,284.6704234724781,253.1705322265625,-1.7425072193145752
trace10.csv,0.05,False,multiplicative,0.01,284.6704234724781,253.1705322265625,-1.7425072193145752
trace10.csv,0.05,False,multiplicative,0.1,284.6704234724781,253.1705322265625,-1.7425072193145752
trace10.csv,0.05,False,multiplicative,1.0,284.6704234724781,253.1705322265625,-1.7425072193145752
trace10.csv,0.05,False,multiplicative,10.0,284.6704234724781,253.1705322265625,-1.7425072193145752
trace10.csv,0.1,True,additive,0.01,129.89825495604242,104.09870910644531,0.4289557933807373
trace10.csv,0.1,True,additive,0.1,128.86062450133866,103.01144409179688,0.43804240226745605
trace10.csv,0.1,True,additive,1.0,128.91665488310656,102.97513580322266,0.4375535845756531
trace10.csv,0.1,True,additive,10.0,128.95418426954978,102.9780044555664,0.4372260570526123
trace10.csv,0.1,True,multiplicative,0.01,150.85110752203644,126.28912353515625,0.22987699508666992
trace10.csv,0.1,True,multiplicative,0.1,126.58753224671258,97.6788558959961,0.45769327878952026
trace10.csv,0.1,True,multiplicative,1.0,127.34256901292866,98.22643280029297,0.451204776763916
trace10.csv,0.1,True,multiplicative,10.0,127.05047901818395,98.10676574707031,0.45371949672698975
trace10.csv,0.1,False,additive,0.01,269.4882737476716,240.8061981201172,-1.4577789306640625
trace10.csv,0.1,False,additive,0.1,269.4882737476716,240.8061981201172,-1.4577789306640625
trace10.csv,0.1,False,additive,1.0,269.4882737476716,240.8061981201172,-1.4577789306640625
trace10.csv,0.1,False,additive,10.0,269.4882737476716,240.8061981201172,-1.4577789306640625
trace10.csv,0.1,False,multiplicative,0.01,269.4882737476716,240.8061981201172,-1.4577789306640625
trace10.csv,0.1,False,multiplicative,0.1,269.4882737476716,240.8061981201172,-1.4577789306640625
trace10.csv,0.1,False,multiplicative,1.0,269.4882737476716,240.8061981201172,-1.4577789306640625
trace10.csv,0.1,False,multiplicative,10.0,269.4882737476716,240.8061981201172,-1.4577789306640625
trace10.csv,0.5,True,additive,0.01,129.57593092468986,103.73783111572266,0.4317862391471863
trace10.csv,0.5,True,additive,0.1,128.7790925868792,102.83025360107422,0.43875330686569214
trace10.csv,0.5,True,additive,1.0,128.69769113362136,102.64656066894531,0.4394626021385193
trace10.csv,0.5,True,additive,10.0,128.53319883642902,102.60961151123047,0.44089460372924805
trace10.csv,0.5,True,multiplicative,0.01,147.19228362714875,122.5728530883789,0.26678192615509033
trace10.csv,0.5,True,multiplicative,0.1,126.21844825415776,99.12663269042969,0.4608510732650757
trace10.csv,0.5,True,multiplicative,1.0,125.9981592437465,98.89136505126953,0.46273136138916016
trace10.csv,0.5,True,multiplicative,10.0,126.12390051552481,98.95672607421875,0.4616584777832031
trace10.csv,0.5,False,additive,0.01,265.57146519345787,237.21612548828125,-1.3868544101715088
trace10.csv,0.5,False,additive,0.1,265.57146519345787,237.21612548828125,-1.3868544101715088
trace10.csv,0.5,False,additive,1.0,265.57146519345787,237.21612548828125,-1.3868544101715088
trace10.csv,0.5,False,additive,10.0,265.57146519345787,237.21612548828125,-1.3868544101715088
trace10.csv,0.5,False,multiplicative,0.01,265.57146519345787,237.21612548828125,-1.3868544101715088
trace10.csv,0.5,False,multiplicative,0.1,265.57146519345787,237.21612548828125,-1.3868544101715088
trace10.csv,0.5,False,multiplicative,1.0,265.57146519345787,237.21612548828125,-1.3868544101715088
trace10.csv,0.5,False,multiplicative,10.0,265.57146519345787,237.21612548828125,-1.3868544101715088
trace15.csv,0.001,True,additive,0.01,168.34006342260002,134.07200622558594,0.7211107015609741
trace15.csv,0.001,True,additive,0.1,166.83829769607757,130.63002014160156,0.7260644435882568
trace15.csv,0.001,True,additive,1.0,169.44634682732172,133.95606994628906,0.7174330949783325
trace15.csv,0.001,True,additive,10.0,165.34843654764325,128.88258361816406,0.7309350967407227
trace15.csv,0.001,True,multiplicative,0.01,310.1065089207255,263.64013671875,0.05359154939651489
trace15.csv,0.001,True,multiplicative,0.1,205.74236771992295,167.7730255126953,0.5834143757820129
trace15.csv,0.001,True,multiplicative,1.0,196.64230295768,162.99844360351562,0.6194508671760559
trace15.csv,0.001,True,multiplicative,10.0,189.0180112945589,156.1403350830078,0.6483883857727051
trace15.csv,0.001,False,additive,0.01,337.7031217467496,280.5968933105469,-0.12234663963317871
trace15.csv,0.001,False,additive,0.1,337.7031217467496,280.5968933105469,-0.12234663963317871
trace15.csv,0.001,False,additive,1.0,337.7031217467496,280.5968933105469,-0.12234663963317871
trace15.csv,0.001,False,additive,10.0,337.7031217467496,280.5968933105469,-0.12234663963317871
trace15.csv,0.001,False,multiplicative,0.01,337.7031217467496,280.5968933105469,-0.12234663963317871
trace15.csv,0.001,False,multiplicative,0.1,337.7031217467496,280.5968933105469,-0.12234663963317871
trace15.csv,0.001,False,multiplicative,1.0,337.7031217467496,280.5968933105469,-0.12234663963317871
trace15.csv,0.001,False,multiplicative,10.0,337.7031217467496,280.5968933105469,-0.12234663963317871
trace15.csv,0.01,True,additive,0.01,226.6832523037377,189.8127899169922,0.4942967891693115
trace15.csv,0.01,True,additive,0.1,215.6748402543746,180.45962524414062,0.5422210693359375
trace15.csv,0.01,True,additive,1.0,214.71259860567102,179.93783569335938,0.5462967157363892
trace15.csv,0.01,True,additive,10.0,215.9022673861949,181.0463409423828,0.5412551164627075
trace15.csv,0.01,True,multiplicative,0.01,356.59188638764624,296.45703125,-0.2514103651046753
trace15.csv,0.01,True,multiplicative,0.1,245.37020022050356,205.19961547851562,0.40748345851898193
trace15.csv,0.01,True,multiplicative,1.0,244.02660587526105,203.6008758544922,0.4139546751976013
trace15.csv,0.01,True,multiplicative,10.0,243.0101512154379,203.25079345703125,0.4188266396522522
trace15.csv,0.01,False,additive,0.01,411.1013409124324,341.5030822753906,-0.6632388830184937
trace15.csv,0.01,False,additive,0.1,411.1013409124324,341.5030822753906,-0.6632388830184937
trace15.csv,0.01,False,additive,1.0,411.1013409124324,341.5030822753906,-0.6632388830184937
trace15.csv,0.01,False,additive,10.0,411.1013409124324,341.5030822753906,-0.6632388830184937
trace15.csv,0.01,False,multiplicative,0.01,411.1013409124324,341.5030822753906,-0.6632388830184937
trace15.csv,0.01,False,multiplicative,0.1,411.1013409124324,341.5030822753906,-0.6632388830184937
trace15.csv,0.01,False,multiplicative,1.0,411.1013409124324,341.5030822753906,-0.6632388830184937
trace15.csv,0.01,False,multiplicative,10.0,411.1013409124324,341.5030822753906,-0.6632388830184937
trace15.csv,0.05,True,additive,0.01,192.10870335893165,152.30410766601562,0.6367957592010498
trace15.csv,0.05,True,additive,0.1,189.07793325438587,147.98977661132812,0.6481654047966003
trace15.csv,0.05,True,additive,1.0,188.94389875039627,147.97389221191406,0.648664116859436
trace15.csv,0.05,True,additive,10.0,189.02249576769955,147.83323669433594,0.648371696472168
trace15.csv,0.05,True,multiplicative,0.01,270.76221983042615,238.2710723876953,0.2785055637359619
trace15.csv,0.05,True,multiplicative,0.1,185.46305014409205,140.88694763183594,0.6614899039268494
trace15.csv,0.05,True,multiplicative,1.0,183.53357790537947,139.96136474609375,0.6684966683387756
trace15.csv,0.05,True,multiplicative,10.0,185.1775225121829,140.01121520996094,0.6625313758850098
trace15.csv,0.05,False,additive,0.01,390.5673557467393,335.9602355957031,-0.5012351274490356
trace15.csv,0.05,False,additive,0.1,390.5673557467393,335.9602355957031,-0.5012351274490356
trace15.csv,0.05,False,additive,1.0,390.5673557467393,335.9602355957031,-0.5012351274490356
trace15.csv,0.05,False,additive,10.0,390.5673557467393,335.9602355957031,-0.5012351274490356
trace15.csv,0.05,False,multiplicative,0.01,390.5673557467393,335.9602355957031,-0.5012351274490356
trace15.csv,0.05,False,multiplicative,0.1,390.5673557467393,335.9602355957031,-0.5012351274490356
trace15.csv,0.05,False,multiplicative,1.0,390.5673557467393,335.9602355957031,-0.5012351274490356
trace15.csv,0.05,False,multiplicative,10.0,390.5673557467393,335.9602355957031,-0.5012351274490356
trace15.csv,0.1,True,additive,0.01,192.4547126111751,151.05406188964844,0.6354862451553345
trace15.csv,0.1,True,additive,0.1,188.66993334922233,146.58621215820312,0.6496821641921997
trace15.csv,0.1,True,additive,1.0,188.41781613610746,146.83763122558594,0.650617778301239
trace15.csv,0.1,True,additive,10.0,188.2673049815076,146.4439697265625,0.6511757373809814
trace15.csv,0.1,True,multiplicative,0.01,257.2578351576488,224.8839111328125,0.3486805558204651
trace15.csv,0.1,True,multiplicative,0.1,185.99460257625756,141.62034606933594,0.6595467329025269
trace15.csv,0.1,True,multiplicative,1.0,185.54498485879375,141.3385009765625,0.6611907482147217
trace15.csv,0.1,True,multiplicative,10.0,185.19538879586068,140.37254333496094,0.662466287612915
trace15.csv,0.1,False,additive,0.01,372.9124394546259,330.84014892578125,-0.36858129501342773
trace15.csv,0.1,False,additive,0.1,372.9124394546259,330.84014892578125,-0.36858129501342773
trace15.csv,0.1,False,additive,1.0,372.9124394546259,330.84014892578125,-0.36858129501342773
trace15.csv,0.1,False,additive,10.0,372.9124394546259,330.84014892578125,-0.36858129501342773
trace15.csv,0.1,False,multiplicative,0.01,372.9124394546259,330.84014892578125,-0.36858129501342773
trace15.csv,0.1,False,multiplicative,0.1,372.9124394546259,330.84014892578125,-0.36858129501342773
trace15.csv,0.1,False,multiplicative,1.0,372.9124394546259,330.84014892578125,-0.36858129501342773
trace15.csv,0.1,False,multiplicative,10.0,372.9124394546259,330.84014892578125,-0.36858129501342773
trace15.csv,0.5,True,additive,0.01,191.15734070720382,149.69212341308594,0.6403841972351074
trace15.csv,0.5,True,additive,0.1,188.6713515779489,147.15170288085938,0.6496769189834595
trace15.csv,0.5,True,additive,1.0,188.41968199341596,146.77622985839844,0.6506109237670898
trace15.csv,0.5,True,additive,10.0,188.45405192645765,146.8725128173828,0.6504833698272705
trace15.csv,0.5,True,multiplicative,0.01,244.7836018175033,211.99119567871094,0.41031312942504883
trace15.csv,0.5,True,multiplicative,0.1,179.47372609765196,137.15286254882812,0.6830005049705505
trace15.csv,0.5,True,multiplicative,1.0,178.83581309926433,136.4815216064453,0.685249924659729
trace15.csv,0.5,True,multiplicative,10.0,178.89589216741396,136.54779052734375,0.6850384473800659
trace15.csv,0.5,False,additive,0.01,366.1411741050165,326.1297912597656,-0.31933164596557617
trace15.csv,0.5,False,additive,0.1,366.1411741050165,326.1297912597656,-0.31933164596557617
trace15.csv,0.5,False,additive,1.0,366.1411741050165,326.1297912597656,-0.31933164596557617
trace15.csv,0.5,False,additive,10.0,366.1411741050165,326.1297912597656,-0.31933164596557617
trace15.csv,0.5,False,multiplicative,0.01,366.1411741050165,326.1297912597656,-0.31933164596557617
trace15.csv,0.5,False,multiplicative,0.1,366.1411741050165,326.1297912597656,-0.31933164596557617
trace15.csv,0.5,False,multiplicative,1.0,366.1411741050165,326.1297912597656,-0.31933164596557617
trace15.csv,0.5,False,multiplicative,10.0,366.1411741050165,326.1297912597656,-0.31933164596557617
trace20.csv,0.001,True,additive,0.01,215.10264628195534,167.54345703125,0.8044660091400146
trace20.csv,0.001,True,additive,0.1,199.1306005960661,155.24310302734375,0.8324259519577026
trace20.csv,0.001,True,additive,1.0,199.9124417713915,152.8840789794922,0.831107497215271
trace20.csv,0.001,True,additive,10.0,200.96357723478152,156.60243225097656,0.8293267488479614
trace20.csv,0.001,True,multiplicative,0.01,426.5053487355112,364.5058288574219,0.23125946521759033
trace20.csv,0.001,True,multiplicative,0.1,345.8314708785191,286.1124267578125,0.49457138776779175
trace20.csv,0.001,True,multiplicative,1.0,319.1208137210734,265.0350646972656,0.5696309804916382
trace20.csv,0.001,True,multiplicative,10.0,326.69083004807464,272.5279235839844,0.5489708185195923
trace20.csv,0.001,False,additive,0.01,462.03796177911613,385.8147277832031,0.09783470630645752
trace20.csv,0.001,False,additive,0.1,462.03796177911613,385.8147277832031,0.09783470630645752
trace20.csv,0.001,False,additive,1.0,462.03796177911613,385.8147277832031,0.09783470630645752
trace20.csv,0.001,False,additive,10.0,462.03796177911613,385.8147277832031,0.09783470630645752
trace20.csv,0.001,False,multiplicative,0.01,462.03796177911613,385.8147277832031,0.09783470630645752
trace20.csv,0.001,False,multiplicative,0.1,462.03796177911613,385.8147277832031,0.09783470630645752
trace20.csv,0.001,False,multiplicative,1.0,462.03796177911613,385.8147277832031,0.09783470630645752
trace20.csv,0.001,False,multiplicative,10.0,462.03796177911613,385.8147277832031,0.09783470630645752
trace20.csv,0.01,True,additive,0.01,251.34218613525664,199.24468994140625,0.7330305576324463
trace20.csv,0.01,True,additive,0.1,231.18445861746417,182.47915649414062,0.7741354703903198
trace20.csv,0.01,True,additive,1.0,229.63319936368086,180.86465454101562,0.777156412601471
trace20.csv,0.01,True,additive,10.0,229.76581147986312,181.70265197753906,0.776898980140686
trace20.csv,0.01,True,multiplicative,0.01,445.83468068332235,391.0018310546875,0.16000157594680786
trace20.csv,0.01,True,multiplicative,0.1,261.427705709437,208.8887176513672,0.7111755609512329
trace20.csv,0.01,True,multiplicative,1.0,257.61622073833007,204.31398010253906,0.7195359468460083
trace20.csv,0.01,True,multiplicative,10.0,257.8579278158808,205.02684020996094,0.7190093994140625
trace20.csv,0.01,False,additive,0.01,504.9365677983721,437.94921875,-0.0774681568145752
trace20.csv,0.01,False,additive,0.1,504.9365677983721,437.94921875,-0.0774681568145752
trace20.csv,0.01,False,additive,1.0,504.9365677983721,437.94921875,-0.0774681568145752
trace20.csv,0.01,False,additive,10.0,504.9365677983721,437.94921875,-0.0774681568145752
trace20.csv,0.01,False,multiplicative,0.01,504.9365677983721,437.94921875,-0.0774681568145752
trace20.csv,0.01,False,multiplicative,0.1,504.9365677983721,437.94921875,-0.0774681568145752
trace20.csv,0.01,False,multiplicative,1.0,504.9365677983721,437.94921875,-0.0774681568145752
trace20.csv,0.01,False,multiplicative,10.0,504.9365677983721,437.94921875,-0.0774681568145752
trace20.csv,0.05,True,additive,0.01,244.776141351644,211.33758544921875,0.7467969655990601
trace20.csv,0.05,True,additive,0.1,232.37138579760634,196.49777221679688,0.7718102931976318
trace20.csv,0.05,True,additive,1.0,231.8984657937607,195.9390411376953,0.7727381587028503
trace20.csv,0.05,True,additive,10.0,233.74538765502948,197.41795349121094,0.7691037654876709
trace20.csv,0.05,True,multiplicative,0.01,419.96623748225284,381.1163024902344,0.2546512484550476
trace20.csv,0.05,True,multiplicative,0.1,231.75317723010832,187.31387329101562,0.7730228304862976
trace20.csv,0.05,True,multiplicative,1.0,230.03940728981632,184.7030792236328,0.7763673067092896
trace20.csv,0.05,True,multiplicative,10.0,228.36968042518254,183.68072509765625,0.7796019911766052
trace20.csv,0.05,False,additive,0.01,543.401238726965,465.3324279785156,-0.24787771701812744
trace20.csv,0.05,False,additive,0.1,543.401238726965,465.3324279785156,-0.24787771701812744
trace20.csv,0.05,False,additive,1.0,543.401238726965,465.3324279785156,-0.24787771701812744
trace20.csv,0.05,False,additive,10.0,543.401238726965,465.3324279785156,-0.24787771701812744
trace20.csv,0.05,False,multiplicative,0.01,543.401238726965,465.3324279785156,-0.24787771701812744
trace20.csv,0.05,False,multiplicative,0.1,543.401238726965,465.3324279785156,-0.24787771701812744
trace20.csv,0.05,False,multiplicative,1.0,543.401238726965,465.3324279785156,-0.24787771701812744
trace20.csv,0.05,False,multiplicative,10.0,543.401238726965,465.3324279785156,-0.24787771701812744
trace20.csv,0.1,True,additive,0.01,247.58279076149458,212.37020874023438,0.7409570813179016
trace20.csv,0.1,True,additive,0.1,238.69938108685997,199.78506469726562,0.7592127919197083
trace20.csv,0.1,True,additive,1.0,236.7893232258372,198.60623168945312,0.76305091381073
trace20.csv,0.1,True,additive,10.0,237.62819730884212,199.00320434570312,0.7613691091537476
trace20.csv,0.1,True,multiplicative,0.01,409.49103317410993,376.9498291015625,0.2913699746131897
trace20.csv,0.1,True,multiplicative,0.1,231.90199472244734,186.16307067871094,0.7727312445640564
trace20.csv,0.1,True,multiplicative,1.0,228.04018971444486,183.0264129638672,0.7802374958992004
trace20.csv,0.1,True,multiplicative,10.0,227.56358143110245,182.05796813964844,0.7811551690101624
trace20.csv,0.1,False,additive,0.01,516.464755573892,469.2963562011719,-0.1272289752960205
trace20.csv,0.1,False,additive,0.1,516.464755573892,469.2963562011719,-0.1272289752960205
trace20.csv,0.1,False,additive,1.0,516.464755573892,469.2963562011719,-0.1272289752960205
trace20.csv,0.1,False,additive,10.0,516.464755573892,469.2963562011719,-0.1272289752960205
trace20.csv,0.1,False,multiplicative,0.01,516.464755573892,469.2963562011719,-0.1272289752960205
trace20.csv,0.1,False,multiplicative,0.1,516.464755573892,469.2963562011719,-0.1272289752960205
trace20.csv,0.1,False,multiplicative,1.0,516.464755573892,469.2963562011719,-0.1272289752960205
trace20.csv,0.1,False,multiplicative,10.0,516.464755573892,469.2963562011719,-0.1272289752960205
trace20.csv,0.5,True,additive,0.01,247.72418823663546,212.40548706054688,0.7406611442565918
trace20.csv,0.5,True,additive,0.1,239.09218769911743,200.6026153564453,0.7584196925163269
trace20.csv,0.5,True,additive,1.0,238.8060061927882,200.3133544921875,0.7589976787567139
trace20.csv,0.5,True,additive,10.0,238.6296899093866,200.0951690673828,0.7593533992767334
trace20.csv,0.5,True,multiplicative,0.01,390.10315142279995,357.68865966796875,0.3568834066390991
trace20.csv,0.5,True,multiplicative,0.1,220.89069518372656,176.58746337890625,0.7938014268875122
trace20.csv,0.5,True,multiplicative,1.0,219.5663250449622,174.9352569580078,0.7962666153907776
trace20.csv,0.5,True,multiplicative,10.0,219.5035769924946,175.05349731445312,0.7963830232620239
trace20.csv,0.5,False,additive,0.01,513.9859251477612,470.5483703613281,-0.11643445491790771
trace20.csv,0.5,False,additive,0.1,513.9859251477612,470.5483703613281,-0.11643445491790771
trace20.csv,0.5,False,additive,1.0,513.9859251477612,470.5483703613281,-0.11643445491790771
trace20.csv,0.5,False,additive,10.0,513.9859251477612,470.5483703613281,-0.11643445491790771
trace20.csv,0.5,False,multiplicative,0.01,513.9859251477612,470.5483703613281,-0.11643445491790771
trace20.csv,0.5,False,multiplicative,0.1,513.9859251477612,470.5483703613281,-0.11643445491790771
trace20.csv,0.5,False,multiplicative,1.0,513.9859251477612,470.5483703613281,-0.11643445491790771
trace20.csv,0.5,False,multiplicative,10.0,513.9859251477612,470.5483703613281,-0.11643445491790771
trace25.csv,0.001,True,additive,0.01,210.85721620328766,166.7539825439453,0.892208993434906
trace25.csv,0.001,True,additive,0.1,180.43187664427535,140.14312744140625,0.9210718274116516
trace25.csv,0.001,True,additive,1.0,180.22646344252556,133.6004638671875,0.9212514162063599
trace25.csv,0.001,True,additive,10.0,187.44500235068952,140.6995849609375,0.9148169159889221
trace25.csv,0.001,True,multiplicative,0.01,514.8941031901609,443.890869140625,0.3572509288787842
trace25.csv,0.001,True,multiplicative,0.1,464.69403576439413,413.46075439453125,0.4764721393585205
trace25.csv,0.001,True,multiplicative,1.0,464.56723813674165,425.40777587890625,0.4767577648162842
trace25.csv,0.001,True,multiplicative,10.0,425.6026976535746,387.2126159667969,0.5608484745025635
trace25.csv,0.001,False,additive,0.01,512.264946097232,423.4795227050781,0.36379820108413696
trace25.csv,0.001,False,additive,0.1,512.264946097232,423.4795227050781,0.36379820108413696
trace25.csv,0.001,False,additive,1.0,512.264946097232,423.4795227050781,0.36379820108413696
trace25.csv,0.001,False,additive,10.0,512.264946097232,423.4795227050781,0.36379820108413696
trace25.csv,0.001,False,multiplicative,0.01,512.264946097232,423.4795227050781,0.36379820108413696
trace25.csv,0.001,False,multiplicative,0.1,512.264946097232,423.4795227050781,0.36379820108413696
trace25.csv,0.001,False,multiplicative,1.0,512.264946097232,423.4795227050781,0.36379820108413696
trace25.csv,0.001,False,multiplicative,10.0,512.264946097232,423.4795227050781,0.36379820108413696
trace25.csv,0.01,True,additive,0.01,267.507607952559,218.25006103515625,0.826508641242981
trace25.csv,0.01,True,additive,0.1,226.0876402940904,173.56361389160156,0.8760749101638794
trace25.csv,0.01,True,additive,1.0,226.574956554117,175.27407836914062,0.8755401372909546
trace25.csv,0.01,True,additive,10.0,225.89630502732885,174.07626342773438,0.8762845993041992
trace25.csv,0.01,True,multiplicative,0.01,573.1229416538829,516.7160034179688,0.20365506410598755
trace25.csv,0.01,True,multiplicative,0.1,263.1581778370188,211.13595581054688,0.8321043848991394
trace25.csv,0.01,True,multiplicative,1.0,254.35948202052543,201.5913848876953,0.843143880367279
trace25.csv,0.01,True,multiplicative,10.0,255.15653896186944,202.56687927246094,0.8421592712402344
trace25.csv,0.01,False,additive,0.01,640.4116108019904,570.0453491210938,0.005684971809387207
trace25.csv,0.01,False,additive,0.1,640.4116108019904,570.0453491210938,0.005684971809387207
trace25.csv,0.01,False,additive,1.0,640.4116108019904,570.0453491210938,0.005684971809387207
trace25.csv,0.01,False,additive,10.0,640.4116108019904,570.0453491210938,0.005684971809387207
trace25.csv,0.01,False,multiplicative,0.01,640.4116108019904,570.0453491210938,0.005684971809387207
trace25.csv,0.01,False,multiplicative,0.1,640.4116108019904,570.0453491210938,0.005684971809387207
trace25.csv,0.01,False,multiplicative,1.0,640.4116108019904,570.0453491210938,0.005684971809387207
trace25.csv,0.01,False,multiplicative,10.0,640.4116108019904,570.0453491210938,0.005684971809387207
trace25.csv,0.05,True,additive,0.01,262.4129171029887,221.9005126953125,0.8330540060997009
trace25.csv,0.05,True,additive,0.1,237.16796691638186,188.7451934814453,0.8636303544044495
trace25.csv,0.05,True,additive,1.0,232.90088087532,185.42312622070312,0.8684933185577393
trace25.csv,0.05,True,additive,10.0,234.39111611257795,189.24322509765625,0.8668050169944763
trace25.csv,0.05,True,multiplicative,0.01,580.1953065563354,519.5221557617188,0.18387997150421143
trace25.csv,0.05,True,multiplicative,0.1,244.21934780796954,196.02313232421875,0.8554008603096008
trace25.csv,0.05,True,multiplicative,1.0,240.24719528799915,191.1998291015625,0.860066294670105
trace25.csv,0.05,True,multiplicative,10.0,235.5371105977782,185.91357421875,0.8654993772506714
trace25.csv,0.05,False,additive,0.01,678.8419827176277,565.544189453125,-0.11723101139068604
trace25.csv,0.05,False,additive,0.1,678.8419827176277,565.544189453125,-0.11723101139068604
trace25.csv,0.05,False,additive,1.0,678.8419827176277,565.544189453125,-0.11723101139068604
trace25.csv,0.05,False,additive,10.0,678.8419827176277,565.544189453125,-0.11723101139068604
trace25.csv,0.05,False,multiplicative,0.01,678.8419827176277,565.544189453125,-0.11723101139068604
trace25.csv,0.05,False,multiplicative,0.1,678.8419827176277,565.544189453125,-0.11723101139068604
trace25.csv,0.05,False,multiplicative,1.0,678.8419827176277,565.544189453125,-0.11723101139068604
trace25.csv,0.05,False,multiplicative,10.0,678.8419827176277,565.544189453125,-0.11723101139068604
trace25.csv,0.1,True,additive,0.01,273.1938843340019,230.25064086914062,0.8190546035766602
trace25.csv,0.1,True,additive,0.1,253.18411346784774,206.3353729248047,0.8445901870727539
trace25.csv,0.1,True,additive,1.0,252.75241869515315,205.77056884765625,0.8451196551322937
trace25.csv,0.1,True,additive,10.0,253.66024428603313,205.32212829589844,0.8440051078796387
trace25.csv,0.1,True,multiplicative,0.01,560.9140141322911,524.9768676757812,0.23722195625305176
trace25.csv,0.1,True,multiplicative,0.1,250.82069977874633,201.23255920410156,0.8474780321121216
trace25.csv,0.1,True,multiplicative,1.0,249.74234378905393,197.3544921875,0.8487867116928101
trace25.csv,0.1,True,multiplicative,10.0,247.36658335858544,194.8301239013672,0.8516499400138855
trace25.csv,0.1,False,additive,0.01,662.3072361072315,610.3496704101562,-0.06346845626831055
trace25.csv,0.1,False,additive,0.1,662.3072361072315,610.3496704101562,-0.06346845626831055
trace25.csv,0.1,False,additive,1.0,662.3072361072315,610.3496704101562,-0.06346845626831055
trace25.csv,0.1,False,additive,10.0,662.3072361072315,610.3496704101562,-0.06346845626831055
trace25.csv,0.1,False,multiplicative,0.01,662.3072361072315,610.3496704101562,-0.06346845626831055
trace25.csv,0.1,False,multiplicative,0.1,662.3072361072315,610.3496704101562,-0.06346845626831055
trace25.csv,0.1,False,multiplicative,1.0,662.3072361072315,610.3496704101562,-0.06346845626831055
trace25.csv,0.1,False,multiplicative,10.0,662.3072361072315,610.3496704101562,-0.06346845626831055
trace25.csv,0.5,True,additive,0.01,277.66200226174266,235.0247039794922,0.8130874633789062
trace25.csv,0.5,True,additive,0.1,258.9209278428455,212.9971466064453,0.837467610836029
trace25.csv,0.5,True,additive,1.0,257.9520909975339,212.07054138183594,0.838681697845459
trace25.csv,0.5,True,additive,10.0,257.9873876519936,212.1165771484375,0.8386375308036804
trace25.csv,0.5,True,multiplicative,0.01,548.0584195594481,511.8144226074219,0.27178555727005005
trace25.csv,0.5,True,multiplicative,0.1,238.52696552224447,187.4781036376953,0.8620630502700806
trace25.csv,0.5,True,multiplicative,1.0,235.42647472193946,184.08782958984375,0.8656256794929504
trace25.csv,0.5,True,multiplicative,10.0,234.84702467776762,183.6990966796875,0.8662863373756409
trace25.csv,0.5,False,additive,0.01,673.8769129076911,629.4258422851562,-0.10094785690307617
trace25.csv,0.5,False,additive,0.1,673.8769129076911,629.4258422851562,-0.10094785690307617
trace25.csv,0.5,False,additive,1.0,673.8769129076911,629.4258422851562,-0.10094785690307617
trace25.csv,0.5,False,additive,10.0,673.8769129076911,629.4258422851562,-0.10094785690307617
trace25.csv,0.5,False,multiplicative,0.01,673.8769129076911,629.4258422851562,-0.10094785690307617
trace25.csv,0.5,False,multiplicative,0.1,673.8769129076911,629.4258422851562,-0.10094785690307617
trace25.csv,0.5,False,multiplicative,1.0,673.8769129076911,629.4258422851562,-0.10094785690307617
trace25.csv,0.5,False,multiplicative,10.0,673.8769129076911,629.4258422851562,-0.10094785690307617
trace30.csv,0.001,True,additive,0.01,277.250943979457,213.72225952148438,0.8572138547897339
trace30.csv,0.001,True,additive,0.1,251.5561567523244,188.7366180419922,0.882453441619873
trace30.csv,0.001,True,additive,1.0,248.7325449277798,188.53123474121094,0.8850774765014648
trace30.csv,0.001,True,additive,10.0,251.48121357518934,188.12249755859375,0.8825235366821289
trace30.csv,0.001,True,multiplicative,0.01,578.225275087487,485.7494201660156,0.37893933057785034
trace30.csv,0.001,True,multiplicative,0.1,550.5556568140954,480.033203125,0.436955988407135
trace30.csv,0.001,True,multiplicative,1.0,533.2963235856778,445.7078857421875,0.47170430421829224
trace30.csv,0.001,True,multiplicative,10.0,563.1910199923291,484.1968078613281,0.4108154773712158
trace30.csv,0.001,False,additive,0.01,612.9960491308243,511.7992248535156,0.3020002841949463
trace30.csv,0.001,False,additive,0.1,612.9960491308243,511.7992248535156,0.3020002841949463
trace30.csv,0.001,False,additive,1.0,612.9960491308243,511.7992248535156,0.3020002841949463
trace30.csv,0.001,False,additive,10.0,612.9960491308243,511.7992248535156,0.3020002841949463
trace30.csv,0.001,False,multiplicative,0.01,612.9960491308243,511.7992248535156,0.3020002841949463
trace30.csv,0.001,False,multiplicative,0.1,612.9960491308243,511.7992248535156,0.3020002841949463
trace30.csv,0.001,False,multiplicative,1.0,612.9960491308243,511.7992248535156,0.3020002841949463
trace30.csv,0.001,False,multiplicative,10.0,612.9960491308243,511.7992248535156,0.3020002841949463
trace30.csv,0.01,True,additive,0.01,320.40984496422703,261.02410888671875,0.8092995882034302
trace30.csv,0.01,True,additive,0.1,268.3903552896415,203.14035034179688,0.8661946058273315
trace30.csv,0.01,True,additive,1.0,265.50295725754165,200.3936004638672,0.8690581321716309
trace30.csv,0.01,True,additive,10.0,266.98381856397214,200.98667907714844,0.8675933480262756
trace30.csv,0.01,True,multiplicative,0.01,659.9458784627722,575.2551879882812,0.1909850835800171
trace30.csv,0.01,True,multiplicative,0.1,294.7442747535565,232.98812866210938,0.8386270999908447
trace30.csv,0.01,True,multiplicative,1.0,282.8798193358798,216.09361267089844,0.8513572216033936
trace30.csv,0.01,True,multiplicative,10.0,281.1270147771288,213.99160766601562,0.8531935811042786
trace30.csv,0.01,False,additive,0.01,723.915805705332,627.0215454101562,0.02654474973678589
trace30.csv,0.01,False,additive,0.1,723.915805705332,627.0215454101562,0.02654474973678589
trace30.csv,0.01,False,additive,1.0,723.915805705332,627.0215454101562,0.02654474973678589
trace30.csv,0.01,False,additive,10.0,723.915805705332,627.0215454101562,0.02654474973678589
trace30.csv,0.01,False,multiplicative,0.01,723.915805705332,627.0215454101562,0.02654474973678589
trace30.csv,0.01,False,multiplicative,0.1,723.915805705332,627.0215454101562,0.02654474973678589
trace30.csv,0.01,False,multiplicative,1.0,723.915805705332,627.0215454101562,0.02654474973678589
trace30.csv,0.01,False,multiplicative,10.0,723.915805705332,627.0215454101562,0.02654474973678589
trace30.csv,0.05,True,additive,0.01,312.90648563109073,259.9943542480469,0.8181266784667969
trace30.csv,0.05,True,additive,0.1,283.68136559791867,224.51904296875,0.8505136370658875
trace30.csv,0.05,True,additive,1.0,280.68738170783524,222.30987548828125,0.8536523580551147
trace30.csv,0.05,True,additive,10.0,277.61323703130586,218.7063446044922,0.8568404912948608
trace30.csv,0.05,True,multiplicative,0.01,721.0513157882732,603.0125732421875,0.034233272075653076
trace30.csv,0.05,True,multiplicative,0.1,318.0199728397574,265.5823974609375,0.8121337890625
trace30.csv,0.05,True,multiplicative,1.0,315.7786754595693,261.5139465332031,0.8147724866867065
trace30.csv,0.05,True,multiplicative,10.0,313.9079034924097,256.6035461425781,0.8169606924057007
trace30.csv,0.05,False,additive,0.01,803.8326551590201,665.2940673828125,-0.2002485990524292
trace30.csv,0.05,False,additive,0.1,803.8326551590201,665.2940673828125,-0.2002485990524292
trace30.csv,0.05,False,additive,1.0,803.8326551590201,665.2940673828125,-0.2002485990524292
trace30.csv,0.05,False,additive,10.0,803.8326551590201,665.2940673828125,-0.2002485990524292
trace30.csv,0.05,False,multiplicative,0.01,803.8326551590201,665.2940673828125,-0.2002485990524292
trace30.csv,0.05,False,multiplicative,0.1,803.8326551590201,665.2940673828125,-0.2002485990524292
trace30.csv,0.05,False,multiplicative,1.0,803.8326551590201,665.2940673828125,-0.2002485990524292
trace30.csv,0.05,False,multiplicative,10.0,803.8326551590201,665.2940673828125,-0.2002485990524292
trace30.csv,0.1,True,additive,0.01,328.125690475464,281.31317138671875,0.8000044226646423
trace30.csv,0.1,True,additive,0.1,303.7775450473586,254.32968139648438,0.8285840749740601
trace30.csv,0.1,True,additive,1.0,301.8049478761076,252.23374938964844,0.8308030366897583
trace30.csv,0.1,True,additive,10.0,302.56267429245133,253.41761779785156,0.8299523591995239
trace30.csv,0.1,True,multiplicative,0.01,658.0218223964916,592.5977172851562,0.19569551944732666
trace30.csv,0.1,True,multiplicative,0.1,343.1823722527135,281.0190124511719,0.7812289595603943
trace30.csv,0.1,True,multiplicative,1.0,338.80358201692616,275.2944641113281,0.786776065826416
trace30.csv,0.1,True,multiplicative,10.0,338.27114447954324,274.0623474121094,0.7874457240104675
trace30.csv,0.1,False,additive,0.01,757.9231903695783,669.7095947265625,-0.06706357002258301
trace30.csv,0.1,False,additive,0.1,757.9231903695783,669.7095947265625,-0.06706357002258301
trace30.csv,0.1,False,additive,1.0,757.9231903695783,669.7095947265625,-0.06706357002258301
trace30.csv,0.1,False,additive,10.0,757.9231903695783,669.7095947265625,-0.06706357002258301
trace30.csv,0.1,False,multiplicative,0.01,757.9231903695783,669.7095947265625,-0.06706357002258301
trace30.csv,0.1,False,multiplicative,0.1,757.9231903695783,669.7095947265625,-0.06706357002258301
trace30.csv,0.1,False,multiplicative,1.0,757.9231903695783,669.7095947265625,-0.06706357002258301
trace30.csv,0.1,False,multiplicative,10.0,757.9231903695783,669.7095947265625,-0.06706357002258301
trace30.csv,0.5,True,additive,0.01,336.7035973968796,288.6080322265625,0.7894111275672913
trace30.csv,0.5,True,additive,0.1,313.69110503009165,264.3782958984375,0.8172134160995483
trace30.csv,0.5,True,additive,1.0,314.2349961613124,264.32916259765625,0.8165790438652039
trace30.csv,0.5,True,additive,10.0,314.13915109390615,264.49566650390625,0.8166909217834473
trace30.csv,0.5,True,multiplicative,0.01,642.8075868796199,577.0247802734375,0.2324584722518921
trace30.csv,0.5,True,multiplicative,0.1,324.10928423141473,264.01898193359375,0.8048705458641052
trace30.csv,0.5,True,multiplicative,1.0,322.246096756811,259.607177734375,0.8071075677871704
trace30.csv,0.5,True,multiplicative,10.0,322.3087490086175,259.7406921386719,0.8070325255393982
trace30.csv,0.5,False,additive,0.01,764.7970318980063,692.2086791992188,-0.08650648593902588
trace30.csv,0.5,False,additive,0.1,764.7970318980063,692.2086791992188,-0.08650648593902588
trace30.csv,0.5,False,additive,1.0,764.7970318980063,692.2086791992188,-0.08650648593902588
trace30.csv,0.5,False,additive,10.0,764.7970318980063,692.2086791992188,-0.08650648593902588
trace30.csv,0.5,False,multiplicative,0.01,764.7970318980063,692.2086791992188,-0.08650648593902588
trace30.csv,0.5,False,multiplicative,0.1,764.7970318980063,692.2086791992188,-0.08650648593902588
trace30.csv,0.5,False,multiplicative,1.0,764.7970318980063,692.2086791992188,-0.08650648593902588
trace30.csv,0.5,False,multiplicative,10.0,764.7970318980063,692.2086791992188,-0.08650648593902588
trace35.csv,0.001,True,additive,0.01,261.5494844431929,205.6772003173828,0.9083526134490967
trace35.csv,0.001,True,additive,0.1,283.1130516242584,232.39117431640625,0.8926178812980652
trace35.csv,0.001,True,additive,1.0,283.32395051865984,230.53884887695312,0.8924578428268433
trace35.csv,0.001,True,additive,10.0,284.3596012314337,233.3011474609375,0.8916701674461365
trace35.csv,0.001,True,multiplicative,0.01,698.5221900555487,616.2056884765625,0.34630876779556274
trace35.csv,0.001,True,multiplicative,0.1,663.1043941190558,587.1060791015625,0.41091758012771606
trace35.csv,0.001,True,multiplicative,1.0,665.9361831286839,592.3898315429688,0.40587544441223145
trace35.csv,0.001,True,multiplicative,10.0,658.0562523447369,584.9329833984375,0.41985267400741577
trace35.csv,0.001,False,additive,0.01,753.3201510646055,656.2130737304688,0.23972368240356445
trace35.csv,0.001,False,additive,0.1,753.3201510646055,656.2130737304688,0.23972368240356445
trace35.csv,0.001,False,additive,1.0,753.3201510646055,656.2130737304688,0.23972368240356445
trace35.csv,0.001,False,additive,10.0,753.3201510646055,656.2130737304688,0.23972368240356445
trace35.csv,0.001,False,multiplicative,0.01,753.3201510646055,656.2130737304688,0.23972368240356445
trace35.csv,0.001,False,multiplicative,0.1,753.3201510646055,656.2130737304688,0.23972368240356445
trace35.csv,0.001,False,multiplicative,1.0,753.3201510646055,656.2130737304688,0.23972368240356445
trace35.csv,0.001,False,multiplicative,10.0,753.3201510646055,656.2130737304688,0.23972368240356445
trace35.csv,0.01,True,additive,0.01,360.5392445698526,307.024658203125,0.8258524537086487
trace35.csv,0.01,True,additive,0.1,275.1530256057527,218.87628173828125,0.8985713124275208
trace35.csv,0.01,True,additive,1.0,272.29229469450655,215.68585205078125,0.9006694555282593
trace35.csv,0.01,True,additive,10.0,275.38524152539475,218.15597534179688,0.8984000086784363
trace35.csv,0.01,True,multiplicative,0.01,784.5424223711551,697.0741577148438,0.17539656162261963
trace35.csv,0.01,True,multiplicative,0.1,308.0802959457161,255.61181640625,0.8728430271148682
trace35.csv,0.01,True,multiplicative,1.0,295.99367866983243,239.9864501953125,0.8826245665550232
trace35.csv,0.01,True,multiplicative,10.0,293.8284469720384,236.90737915039062,0.8843355178833008
trace35.csv,0.01,False,additive,0.01,864.1009055660109,765.8867797851562,-0.00032520294189453125
trace35.csv,0.01,False,additive,0.1,864.1009055660109,765.8867797851562,-0.00032520294189453125
trace35.csv,0.01,False,additive,1.0,864.1009055660109,765.8867797851562,-0.00032520294189453125
trace35.csv,0.01,False,additive,10.0,864.1009055660109,765.8867797851562,-0.00032520294189453125
trace35.csv,0.01,False,multiplicative,0.01,864.1009055660109,765.8867797851562,-0.00032520294189453125
trace35.csv,0.01,False,multiplicative,0.1,864.1009055660109,765.8867797851562,-0.00032520294189453125
trace35.csv,0.01,False,multiplicative,1.0,864.1009055660109,765.8867797851562,-0.00032520294189453125
trace35.csv,0.01,False,multiplicative,10.0,864.1009055660109,765.8867797851562,-0.00032520294189453125
trace35.csv,0.05,True,additive,0.01,360.70633831414716,290.9726257324219,0.8256909847259521
trace35.csv,0.05,True,additive,0.1,304.00263413743636,235.1211700439453,0.8761867880821228
trace35.csv,0.05,True,additive,1.0,307.39823011038953,239.3251495361328,0.8734054565429688
trace35.csv,0.05,True,additive,10.0,300.89800493688887,232.70042419433594,0.8787027597427368
trace35.csv,0.05,True,multiplicative,0.01,905.9734750532159,778.331787109375,-0.09962153434753418
trace35.csv,0.05,True,multiplicative,0.1,312.9279819303477,264.12664794921875,0.8688099384307861
trace35.csv,0.05,True,multiplicative,1.0,312.05217913034994,261.26080322265625,0.869543194770813
trace35.csv,0.05,True,multiplicative,10.0,304.0341649181881,253.55934143066406,0.8761610984802246
trace35.csv,0.05,False,additive,0.01,954.7573971957484,826.6151733398438,-0.22123241424560547
trace35.csv,0.05,False,additive,0.1,954.7573971957484,826.6151733398438,-0.22123241424560547
trace35.csv,0.05,False,additive,1.0,954.7573971957484,826.6151733398438,-0.22123241424560547
trace35.csv,0.05,False,additive,10.0,954.7573971957484,826.6151733398438,-0.22123241424560547
trace35.csv,0.05,False,multiplicative,0.01,954.7573971957484,826.6151733398438,-0.22123241424560547
trace35.csv,0.05,False,multiplicative,0.1,954.7573971957484,826.6151733398438,-0.22123241424560547
trace35.csv,0.05,False,multiplicative,1.0,954.7573971957484,826.6151733398438,-0.22123241424560547
trace35.csv,0.05,False,multiplicative,10.0,954.7573971957484,826.6151733398438,-0.22123241424560547
trace35.csv,0.1,True,additive,0.01,348.729681307743,298.09881591796875,0.8370741009712219
trace35.csv,0.1,True,additive,0.1,312.94145069405556,262.2940368652344,0.8687986135482788
trace35.csv,0.1,True,additive,1.0,312.63061020555875,259.05743408203125,0.8690590858459473
trace35.csv,0.1,True,additive,10.0,309.3380659771765,258.906005859375,0.8718026876449585
trace35.csv,0.1,True,multiplicative,0.01,782.7034080671938,707.230712890625,0.17925792932510376
trace35.csv,0.1,True,multiplicative,0.1,359.2887505196899,301.2242126464844,0.8270583748817444
trace35.csv,0.1,True,multiplicative,1.0,357.27546489018806,296.5208740234375,0.8289911150932312
trace35.csv,0.1,True,multiplicative,10.0,358.92632861772626,297.8580322265625,0.8274071216583252
trace35.csv,0.1,False,additive,0.01,925.3185937827036,825.058837890625,-0.14708292484283447
trace35.csv,0.1,False,additive,0.1,925.3185937827036,825.058837890625,-0.14708292484283447
trace35.csv,0.1,False,additive,1.0,925.3185937827036,825.058837890625,-0.14708292484283447
trace35.csv,0.1,False,additive,10.0,925.3185937827036,825.058837890625,-0.14708292484283447
trace35.csv,0.1,False,multiplicative,0.01,925.3185937827036,825.058837890625,-0.14708292484283447
trace35.csv,0.1,False,multiplicative,0.1,925.3185937827036,825.058837890625,-0.14708292484283447
trace35.csv,0.1,False,multiplicative,1.0,925.3185937827036,825.058837890625,-0.14708292484283447
trace35.csv,0.1,False,multiplicative,10.0,925.3185937827036,825.058837890625,-0.14708292484283447
trace35.csv,0.5,True,additive,0.01,365.86231614502196,309.4747619628906,0.8206721544265747
trace35.csv,0.5,True,additive,0.1,334.52472115301134,278.41497802734375,0.8500768542289734
trace35.csv,0.5,True,additive,1.0,335.06550199177474,278.76806640625,0.8495917320251465
trace35.csv,0.5,True,additive,10.0,334.628560403173,278.323974609375,0.8499837517738342
trace35.csv,0.5,True,multiplicative,0.01,747.3364369546022,674.396240234375,0.25175368785858154
trace35.csv,0.5,True,multiplicative,0.1,347.90404792485526,288.9671630859375,0.8378446698188782
trace35.csv,0.5,True,multiplicative,1.0,344.766134502796,283.8224182128906,0.8407565951347351
trace35.csv,0.5,True,multiplicative,10.0,344.5900304165807,283.6215515136719,0.8409192562103271
trace35.csv,0.5,False,additive,0.01,886.1082397201823,809.9820556640625,-0.05192756652832031
trace35.csv,0.5,False,additive,0.1,886.1082397201823,809.9820556640625,-0.05192756652832031
trace35.csv,0.5,False,additive,1.0,886.1082397201823,809.9820556640625,-0.05192756652832031
trace35.csv,0.5,False,additive,10.0,886.1082397201823,809.9820556640625,-0.05192756652832031
trace35.csv,0.5,False,multiplicative,0.01,886.1082397201823,809.9820556640625,-0.05192756652832031
trace35.csv,0.5,False,multiplicative,0.1,886.1082397201823,809.9820556640625,-0.05192756652832031
trace35.csv,0.5,False,multiplicative,1.0,886.1082397201823,809.9820556640625,-0.05192756652832031
trace35.csv,0.5,False,multiplicative,10.0,886.1082397201823,809.9820556640625,-0.05192756652832031
trace40.csv,0.001,True,additive,0.01,338.9529604163386,272.77886962890625,0.8763372302055359
trace40.csv,0.001,True,additive,0.1,326.22374175939433,270.6019592285156,0.8854510188102722
trace40.csv,0.001,True,additive,1.0,331.13440199939964,275.34539794921875,0.8819764256477356
trace40.csv,0.001,True,additive,10.0,333.12116555016433,275.6018371582031,0.8805559277534485
trace40.csv,0.001,True,multiplicative,0.01,817.6636304128979,731.6709594726562,0.28036952018737793
trace40.csv,0.001,True,multiplicative,0.1,735.3747344041676,655.44873046875,0.4179268479347229
trace40.csv,0.001,True,multiplicative,1.0,763.82143692096,674.5214233398438,0.372022807598114
trace40.csv,0.001,True,multiplicative,10.0,764.2377738636059,674.9627075195312,0.3713380694389343
trace40.csv,0.001,False,additive,0.01,856.5646137332548,761.3309326171875,0.21026670932769775
trace40.csv,0.001,False,additive,0.1,856.5646137332548,761.3309326171875,0.21026670932769775
trace40.csv,0.001,False,additive,1.0,856.5646137332548,761.3309326171875,0.21026670932769775
trace40.csv,0.001,False,additive,10.0,856.5646137332548,761.3309326171875,0.21026670932769775
trace40.csv,0.001,False,multiplicative,0.01,856.5646137332548,761.3309326171875,0.21026670932769775
trace40.csv,0.001,False,multiplicative,0.1,856.5646137332548,761.3309326171875,0.21026670932769775
trace40.csv,0.001,False,multiplicative,1.0,856.5646137332548,761.3309326171875,0.21026670932769775
trace40.csv,0.001,False,multiplicative,10.0,856.5646137332548,761.3309326171875,0.21026670932769775
trace40.csv,0.01,True,additive,0.01,431.5786066871248,364.6431884765625,0.7995158433914185
trace40.csv,0.01,True,additive,0.1,335.0409723078657,265.0222473144531,0.8791752457618713
trace40.csv,0.01,True,additive,1.0,331.36369511082535,261.947265625,0.8818129301071167
trace40.csv,0.01,True,additive,10.0,331.7808129059003,261.7607421875,0.8815152049064636
trace40.csv,0.01,True,multiplicative,0.01,871.3957195212747,774.3457641601562,0.1826820969581604
trace40.csv,0.01,True,multiplicative,0.1,377.7205688402473,308.2032165527344,0.8464317321777344
trace40.csv,0.01,True,multiplicative,1.0,358.0081724800427,288.1837158203125,0.862042248249054
trace40.csv,0.01,True,multiplicative,10.0,362.84074502459066,291.48663330078125,0.8582926988601685
trace40.csv,0.01,False,additive,0.01,957.9535805559683,849.9925537109375,0.012245357036590576
trace40.csv,0.01,False,additive,0.1,957.9535805559683,849.9925537109375,0.012245357036590576
trace40.csv,0.01,False,additive,1.0,957.9535805559683,849.9925537109375,0.012245357036590576
trace40.csv,0.01,False,additive,10.0,957.9535805559683,849.9925537109375,0.012245357036590576
trace40.csv,0.01,False,multiplicative,0.01,957.9535805559683,849.9925537109375,0.012245357036590576
trace40.csv,0.01,False,multiplicative,0.1,957.9535805559683,849.9925537109375,0.012245357036590576
trace40.csv,0.01,False,multiplicative,1.0,957.9535805559683,849.9925537109375,0.012245357036590576
trace40.csv,0.01,False,multiplicative,10.0,957.9535805559683,849.9925537109375,0.012245357036590576
trace40.csv,0.05,True,additive,0.01,480.24440392366887,373.06976318359375,0.7517525553703308
trace40.csv,0.05,True,additive,0.1,368.8164346934664,275.849365234375,0.8535866737365723
trace40.csv,0.05,True,additive,1.0,389.9739774972171,290.0565185546875,0.8363065123558044
trace40.csv,0.05,True,additive,10.0,383.31724377465724,286.5467834472656,0.8418471813201904
trace40.csv,0.05,True,multiplicative,0.01,971.3609010043589,843.1897583007812,-0.015596985816955566
trace40.csv,0.05,True,multiplicative,0.1,375.0533503716505,320.5892333984375,0.8485928773880005
trace40.csv,0.05,True,multiplicative,1.0,376.32640420252204,313.29266357421875,0.8475632667541504
trace40.csv,0.05,True,multiplicative,10.0,366.453846855235,309.4195556640625,0.8554564714431763
trace40.csv,0.05,False,additive,0.01,1043.132721661055,907.5074462890625,-0.17122220993041992
trace40.csv,0.05,False,additive,0.1,1043.132721661055,907.5074462890625,-0.17122220993041992
trace40.csv,0.05,False,additive,1.0,1043.132721661055,907.5074462890625,-0.17122220993041992
trace40.csv,0.05,False,additive,10.0,1043.132721661055,907.5074462890625,-0.17122220993041992
trace40.csv,0.05,False,multiplicative,0.01,1043.132721661055,907.5074462890625,-0.17122220993041992
trace40.csv,0.05,False,multiplicative,0.1,1043.132721661055,907.5074462890625,-0.17122220993041992
trace40.csv,0.05,False,multiplicative,1.0,1043.132721661055,907.5074462890625,-0.17122220993041992
trace40.csv,0.05,False,multiplicative,10.0,1043.132721661055,907.5074462890625,-0.17122220993041992
trace40.csv,0.1,True,additive,0.01,434.15238900068255,367.1427001953125,0.7971175312995911
trace40.csv,0.1,True,additive,0.1,386.4976552322148,323.4736633300781,0.8392119407653809
trace40.csv,0.1,True,additive,1.0,384.7977959266399,320.8538818359375,0.840623140335083
trace40.csv,0.1,True,additive,10.0,386.4977360865132,322.79510498046875,0.8392118215560913
trace40.csv,0.1,True,multiplicative,0.01,914.8779290156693,821.0365600585938,0.09907954931259155
trace40.csv,0.1,True,multiplicative,0.1,434.846542615898,370.9131774902344,0.7964682579040527
trace40.csv,0.1,True,multiplicative,1.0,427.7626934118963,364.33038330078125,0.8030454516410828
trace40.csv,0.1,True,multiplicative,10.0,430.9658484149295,365.1593017578125,0.8000847697257996
trace40.csv,0.1,False,additive,0.01,1043.630442254345,925.813720703125,-0.1723402738571167
trace40.csv,0.1,False,additive,0.1,1043.630442254345,925.813720703125,-0.1723402738571167
trace40.csv,0.1,False,additive,1.0,1043.630442254345,925.813720703125,-0.1723402738571167
trace40.csv,0.1,False,additive,10.0,1043.630442254345,925.813720703125,-0.1723402738571167
trace40.csv,0.1,False,multiplicative,0.01,1043.630442254345,925.813720703125,-0.1723402738571167
trace40.csv,0.1,False,multiplicative,0.1,1043.630442254345,925.813720703125,-0.1723402738571167
trace40.csv,0.1,False,multiplicative,1.0,1043.630442254345,925.813720703125,-0.1723402738571167
trace40.csv,0.1,False,multiplicative,10.0,1043.630442254345,925.813720703125,-0.1723402738571167
trace40.csv,0.5,True,additive,0.01,448.9766662923587,379.44879150390625,0.7830259799957275
trace40.csv,0.5,True,additive,0.1,411.81725695385813,348.3735656738281,0.8174552917480469
trace40.csv,0.5,True,additive,1.0,412.1313883338662,348.856689453125,0.8171766996383667
trace40.csv,0.5,True,additive,10.0,412.8021809838218,349.1476135253906,0.8165810704231262
trace40.csv,0.5,True,multiplicative,0.01,864.3361976106288,771.5739135742188,0.1958712935447693
trace40.csv,0.5,True,multiplicative,0.1,418.156594471497,357.7120056152344,0.8117920160293579
trace40.csv,0.5,True,multiplicative,1.0,415.489225943345,354.7673034667969,0.8141854405403137
trace40.csv,0.5,True,multiplicative,10.0,415.33835980438886,354.46502685546875,0.8143203854560852
trace40.csv,0.5,False,additive,0.01,993.5492250009559,900.14013671875,-0.06252443790435791
trace40.csv,0.5,False,additive,0.1,993.5492250009559,900.14013671875,-0.06252443790435791
trace40.csv,0.5,False,additive,1.0,993.5492250009559,900.14013671875,-0.06252443790435791
trace40.csv,0.5,False,additive,10.0,993.5492250009559,900.14013671875,-0.06252443790435791
trace40.csv,0.5,False,multiplicative,0.01,993.5492250009559,900.14013671875,-0.06252443790435791
trace40.csv,0.5,False,multiplicative,0.1,993.5492250009559,900.14013671875,-0.06252443790435791
trace40.csv,0.5,False,multiplicative,1.0,993.5492250009559,900.14013671875,-0.06252443790435791
trace40.csv,0.5,False,multiplicative,10.0,993.5492250009559,900.14013671875,-0.06252443790435791
trace45.csv,0.001,True,additive,0.01,402.10937955362346,340.8877868652344,0.8551121354103088
trace45.csv,0.001,True,additive,0.1,413.4797644685892,358.5050048828125,0.8468023538589478
trace45.csv,0.001,True,additive,1.0,416.89360902992985,360.8970642089844,0.8442621827125549
trace45.csv,0.001,True,additive,10.0,414.038834229351,362.9268798828125,0.8463877439498901
trace45.csv,0.001,True,multiplicative,0.01,903.9785326543988,804.6388549804688,0.26774919033050537
trace45.csv,0.001,True,multiplicative,0.1,842.8867065033118,769.0382690429688,0.3633774518966675
trace45.csv,0.001,True,multiplicative,1.0,830.53792809239,747.0830688476562,0.3818945288658142
trace45.csv,0.001,True,multiplicative,10.0,834.3119170909642,758.22900390625,0.37626439332962036
trace45.csv,0.001,False,additive,0.01,959.3817996501706,855.4664916992188,0.17524194717407227
trace45.csv,0.001,False,additive,0.1,959.3817996501706,855.4664916992188,0.17524194717407227
trace45.csv,0.001,False,additive,1.0,959.3817996501706,855.4664916992188,0.17524194717407227
trace45.csv,0.001,False,additive,10.0,959.3817996501706,855.4664916992188,0.17524194717407227
trace45.csv,0.001,False,multiplicative,0.01,959.3817996501706,855.4664916992188,0.17524194717407227
trace45.csv,0.001,False,multiplicative,0.1,959.3817996501706,855.4664916992188,0.17524194717407227
trace45.csv,0.001,False,multiplicative,1.0,959.3817996501706,855.4664916992188,0.17524194717407227
trace45.csv,0.001,False,multiplicative,10.0,959.3817996501706,855.4664916992188,0.17524194717407227
trace45.csv,0.01,True,additive,0.01,481.278781606877,417.4863586425781,0.7924431562423706
trace45.csv,0.01,True,additive,0.1,371.0713374810833,295.1024475097656,0.8766161203384399
trace45.csv,0.01,True,additive,1.0,369.31192354837395,294.4301452636719,0.8777833580970764
trace45.csv,0.01,True,additive,10.0,369.78830514904064,295.12176513671875,0.8774678707122803
trace45.csv,0.01,True,multiplicative,0.01,958.9716497373632,843.2372436523438,0.17594695091247559
trace45.csv,0.01,True,multiplicative,0.1,432.4410545091666,364.0771789550781,0.8324295282363892
trace45.csv,0.01,True,multiplicative,1.0,406.588186160149,330.2728271484375,0.8518665432929993
trace45.csv,0.01,True,multiplicative,10.0,406.3167445171316,328.25543212890625,0.8520642518997192
trace45.csv,0.01,False,additive,0.01,1032.286055316064,905.2471923828125,0.045131146907806396
trace45.csv,0.01,False,additive,0.1,1032.286055316064,905.2471923828125,0.045131146907806396
trace45.csv,0.01,False,additive,1.0,1032.286055316064,905.2471923828125,0.045131146907806396
trace45.csv,0.01,False,additive,10.0,1032.286055316064,905.2471923828125,0.045131146907806396
trace45.csv,0.01,False,multiplicative,0.01,1032.286055316064,905.2471923828125,0.045131146907806396
trace45.csv,0.01,False,multiplicative,0.1,1032.286055316064,905.2471923828125,0.045131146907806396
trace45.csv,0.01,False,multiplicative,1.0,1032.286055316064,905.2471923828125,0.045131146907806396
trace45.csv,0.01,False,multiplicative,10.0,1032.286055316064,905.2471923828125,0.045131146907806396
trace45.csv,0.05,True,additive,0.01,558.0442690772838,426.1241149902344,0.720950722694397
trace45.csv,0.05,True,additive,0.1,441.71271772499375,333.25372314453125,0.8251670002937317
trace45.csv,0.05,True,additive,1.0,454.56258163755626,346.2548828125,0.8148468732833862
trace45.csv,0.05,True,additive,10.0,427.63344043117115,328.0391845703125,0.8361347317695618
trace45.csv,0.05,True,multiplicative,0.01,1055.616940466569,908.3778686523438,0.0014810562133789062
trace45.csv,0.05,True,multiplicative,0.1,441.4820919357885,369.2041015625,0.8253495097160339
trace45.csv,0.05,True,multiplicative,1.0,421.8268305833568,353.23907470703125,0.8405545949935913
trace45.csv,0.05,True,multiplicative,10.0,421.915090687688,349.9803771972656,0.8404878377914429
trace45.csv,0.05,False,additive,0.01,1122.4708236742727,965.4029541015625,-0.1289994716644287
trace45.csv,0.05,False,additive,0.1,1122.4708236742727,965.4029541015625,-0.1289994716644287
trace45.csv,0.05,False,additive,1.0,1122.4708236742727,965.4029541015625,-0.1289994716644287
trace45.csv,0.05,False,additive,10.0,1122.4708236742727,965.4029541015625,-0.1289994716644287
trace45.csv,0.05,False,multiplicative,0.01,1122.4708236742727,965.4029541015625,-0.1289994716644287
trace45.csv,0.05,False,multiplicative,0.1,1122.4708236742727,965.4029541015625,-0.1289994716644287
trace45.csv,0.05,False,multiplicative,1.0,1122.4708236742727,965.4029541015625,-0.1289994716644287
trace45.csv,0.05,False,multiplicative,10.0,1122.4708236742727,965.4029541015625,-0.1289994716644287
trace45.csv,0.1,True,additive,0.01,497.75037669498556,427.3572692871094,0.7779929041862488
trace45.csv,0.1,True,additive,0.1,437.18735257324175,360.2377624511719,0.8287310004234314
trace45.csv,0.1,True,additive,1.0,442.8773461693429,364.325927734375,0.8242438435554504
trace45.csv,0.1,True,additive,10.0,443.32647041993783,366.393798828125,0.8238871693611145
trace45.csv,0.1,True,multiplicative,0.01,1025.3155002241992,907.0491943359375,0.05798310041427612
trace45.csv,0.1,True,multiplicative,0.1,492.6306298840948,426.0821838378906,0.7825364470481873
trace45.csv,0.1,True,multiplicative,1.0,485.6390441984664,416.5214538574219,0.7886652946472168
trace45.csv,0.1,True,multiplicative,10.0,485.0816780450484,416.6854553222656,0.7891501188278198
trace45.csv,0.1,False,additive,0.01,1139.5997104246737,993.99267578125,-0.16371941566467285
trace45.csv,0.1,False,additive,0.1,1139.5997104246737,993.99267578125,-0.16371941566467285
trace45.csv,0.1,False,additive,1.0,1139.5997104246737,993.99267578125,-0.16371941566467285
trace45.csv,0.1,False,additive,10.0,1139.5997104246737,993.99267578125,-0.16371941566467285
trace45.csv,0.1,False,multiplicative,0.01,1139.5997104246737,993.99267578125,-0.16371941566467285
trace45.csv,0.1,False,multiplicative,0.1,1139.5997104246737,993.99267578125,-0.16371941566467285
trace45.csv,0.1,False,multiplicative,1.0,1139.5997104246737,993.99267578125,-0.16371941566467285
trace45.csv,0.1,False,multiplicative,10.0,1139.5997104246737,993.99267578125,-0.16371941566467285
trace45.csv,0.5,True,additive,0.01,507.0299239196835,428.1346435546875,0.7696380019187927
trace45.csv,0.5,True,additive,0.1,465.79362718375614,392.20001220703125,0.8055845499038696
trace45.csv,0.5,True,additive,1.0,464.5270107862405,391.56280517578125,0.8066405057907104
trace45.csv,0.5,True,additive,10.0,464.59870116585563,392.32867431640625,0.8065807819366455
trace45.csv,0.5,True,multiplicative,0.01,979.6411332727919,896.0838012695312,0.14004123210906982
trace45.csv,0.5,True,multiplicative,0.1,464.99564850114456,395.4414978027344,0.8062501549720764
trace45.csv,0.5,True,multiplicative,1.0,460.0854030775156,389.2505798339844,0.8103204369544983
trace45.csv,0.5,True,multiplicative,10.0,459.9745237510443,389.1858215332031,0.8104118704795837
trace45.csv,0.5,False,additive,0.01,1095.4645133458225,1007.08935546875,-0.07532620429992676
trace45.csv,0.5,False,additive,0.1,1095.4645133458225,1007.08935546875,-0.07532620429992676
trace45.csv,0.5,False,additive,1.0,1095.4645133458225,1007.08935546875,-0.07532620429992676
trace45.csv,0.5,False,additive,10.0,1095.4645133458225,1007.08935546875,-0.07532620429992676
trace45.csv,0.5,False,multiplicative,0.01,1095.4645133458225,1007.08935546875,-0.07532620429992676
trace45.csv,0.5,False,multiplicative,0.1,1095.4645133458225,1007.08935546875,-0.07532620429992676
trace45.csv,0.5,False,multiplicative,1.0,1095.4645133458225,1007.08935546875,-0.07532620429992676
trace45.csv,0.5,False,multiplicative,10.0,1095.4645133458225,1007.08935546875,-0.07532620429992676
trace50.csv,0.001,True,additive,0.01,456.1055935855205,391.2212829589844,0.8562741279602051
trace50.csv,0.001,True,additive,0.1,417.3555513587905,347.9641418457031,0.8796582221984863
trace50.csv,0.001,True,additive,1.0,413.93713668261273,346.8468017578125,0.8816214799880981
trace50.csv,0.001,True,additive,10.0,411.5086952301251,338.423828125,0.8830063939094543
trace50.csv,0.001,True,multiplicative,0.01,1051.7849708947167,951.6406860351562,0.23571020364761353
trace50.csv,0.001,True,multiplicative,0.1,949.0735614271425,835.01123046875,0.37769412994384766
trace50.csv,0.001,True,multiplicative,1.0,928.7160155289668,811.20703125,0.40410465002059937
trace50.csv,0.001,True,multiplicative,10.0,917.4792913194281,809.136474609375,0.418437123298645
trace50.csv,0.001,False,additive,0.01,1128.306917465279,1019.3916625976562,0.1204538345336914
trace50.csv,0.001,False,additive,0.1,1128.306917465279,1019.3916625976562,0.1204538345336914
trace50.csv,0.001,False,additive,1.0,1128.306917465279,1019.3916625976562,0.1204538345336914
trace50.csv,0.001,False,additive,10.0,1128.306917465279,1019.3916625976562,0.1204538345336914
trace50.csv,0.001,False,multiplicative,0.01,1128.306917465279,1019.3916625976562,0.1204538345336914
trace50.csv,0.001,False,multiplicative,0.1,1128.306917465279,1019.3916625976562,0.1204538345336914
trace50.csv,0.001,False,multiplicative,1.0,1128.306917465279,1019.3916625976562,0.1204538345336914
trace50.csv,0.001,False,multiplicative,10.0,1128.306917465279,1019.3916625976562,0.1204538345336914
trace50.csv,0.01,True,additive,0.01,544.0930814208172,477.5998840332031,0.795473039150238
trace50.csv,0.01,True,additive,0.1,396.0065498195705,333.86956787109375,0.8916550278663635
trace50.csv,0.01,True,additive,1.0,397.649853828717,335.25836181640625,0.8907539248466492
trace50.csv,0.01,True,additive,10.0,394.72862513377464,332.8315734863281,0.8923531174659729
trace50.csv,0.01,True,multiplicative,0.01,1099.8471484710956,982.610595703125,0.16426455974578857
trace50.csv,0.01,True,multiplicative,0.1,480.17851498166806,419.5028381347656,0.8407022953033447
trace50.csv,0.01,True,multiplicative,1.0,453.3427407878062,391.3152770996094,0.8580101132392883
trace50.csv,0.01,True,multiplicative,10.0,450.5659288605831,389.1014099121094,0.8597441911697388
trace50.csv,0.01,False,additive,0.01,1169.1424742091958,1038.8739013671875,0.0556369423866272
trace50.csv,0.01,False,additive,0.1,1169.1424742091958,1038.8739013671875,0.0556369423866272
trace50.csv,0.01,False,additive,1.0,1169.1424742091958,1038.8739013671875,0.0556369423866272
trace50.csv,0.01,False,additive,10.0,1169.1424742091958,1038.8739013671875,0.0556369423866272
trace50.csv,0.01,False,multiplicative,0.01,1169.1424742091958,1038.8739013671875,0.0556369423866272
trace50.csv,0.01,False,multiplicative,0.1,1169.1424742091958,1038.8739013671875,0.0556369423866272
trace50.csv,0.01,False,multiplicative,1.0,1169.1424742091958,1038.8739013671875,0.0556369423866272
trace50.csv,0.01,False,multiplicative,10.0,1169.1424742091958,1038.8739013671875,0.0556369423866272
trace50.csv,0.05,True,additive,0.01,656.4531590296447,496.63446044921875,0.7022775411605835
trace50.csv,0.05,True,additive,0.1,509.64968054046693,388.6795959472656,0.8205482959747314
trace50.csv,0.05,True,additive,1.0,516.777394048927,391.841552734375,0.8154937028884888
trace50.csv,0.05,True,additive,10.0,522.599691446522,396.70245361328125,0.8113127946853638
trace50.csv,0.05,True,multiplicative,0.01,1162.816784794578,1016.4230346679688,0.06582826375961304
trace50.csv,0.05,True,multiplicative,0.1,469.8112154099772,399.7413330078125,0.8475066423416138
trace50.csv,0.05,True,multiplicative,1.0,443.0390431440552,374.8709411621094,0.8643910884857178
trace50.csv,0.05,True,multiplicative,10.0,443.80932702006163,381.4906005859375,0.8639191389083862
trace50.csv,0.05,False,additive,0.01,1234.5907722804345,1081.6925048828125,-0.05305290222167969
trace50.csv,0.05,False,additive,0.1,1234.5907722804345,1081.6925048828125,-0.05305290222167969
trace50.csv,0.05,False,additive,1.0,1234.5907722804345,1081.6925048828125,-0.05305290222167969
trace50.csv,0.05,False,additive,10.0,1234.5907722804345,1081.6925048828125,-0.05305290222167969
trace50.csv,0.05,False,multiplicative,0.01,1234.5907722804345,1081.6925048828125,-0.05305290222167969
trace50.csv,0.05,False,multiplicative,0.1,1234.5907722804345,1081.6925048828125,-0.05305290222167969
trace50.csv,0.05,False,multiplicative,1.0,1234.5907722804345,1081.6925048828125,-0.05305290222167969
trace50.csv,0.05,False,multiplicative,10.0,1234.5907722804345,1081.6925048828125,-0.05305290222167969
trace50.csv,0.1,True,additive,0.01,553.7922670099322,490.279052734375,0.7881160974502563
trace50.csv,0.1,True,additive,0.1,468.16441756609396,401.6361083984375,0.8485738039016724
trace50.csv,0.1,True,additive,1.0,471.683206055717,403.1358947753906,0.8462889790534973
trace50.csv,0.1,True,additive,10.0,467.8016072546139,399.1680603027344,0.8488084077835083
trace50.csv,0.1,True,multiplicative,0.01,1182.6621981783303,1047.169189453125,0.03366971015930176
trace50.csv,0.1,True,multiplicative,0.1,535.9016059408667,465.39410400390625,0.8015851378440857
trace50.csv,0.1,True,multiplicative,1.0,526.0538826964402,453.989501953125,0.8088102340698242
trace50.csv,0.1,True,multiplicative,10.0,522.1140620113579,452.99371337890625,0.8116633296012878
trace50.csv,0.1,False,additive,0.01,1306.4617292519517,1135.7314453125,-0.17922723293304443
trace50.csv,0.1,False,additive,0.1,1306.4617292519517,1135.7314453125,-0.17922723293304443
trace50.csv,0.1,False,additive,1.0,1306.4617292519517,1135.7314453125,-0.17922723293304443
trace50.csv,0.1,False,additive,10.0,1306.4617292519517,1135.7314453125,-0.17922723293304443
trace50.csv,0.1,False,multiplicative,0.01,1306.4617292519517,1135.7314453125,-0.17922723293304443
trace50.csv,0.1,False,multiplicative,0.1,1306.4617292519517,1135.7314453125,-0.17922723293304443
trace50.csv,0.1,False,multiplicative,1.0,1306.4617292519517,1135.7314453125,-0.17922723293304443
trace50.csv,0.1,False,multiplicative,10.0,1306.4617292519517,1135.7314453125,-0.17922723293304443
trace50.csv,0.5,True,additive,0.01,559.4608174394343,496.3221435546875,0.7837563157081604
trace50.csv,0.5,True,additive,0.1,498.45139870904165,421.7511291503906,0.8283476233482361
trace50.csv,0.5,True,additive,1.0,496.79901934786466,420.48846435546875,0.8294838070869446
trace50.csv,0.5,True,additive,10.0,497.1808649777262,420.90948486328125,0.8292216062545776
trace50.csv,0.5,True,multiplicative,0.01,1141.1430125098257,1050.1917724609375,0.10032784938812256
trace50.csv,0.5,True,multiplicative,0.1,500.3517512710433,432.1972961425781,0.8270362615585327
trace50.csv,0.5,True,multiplicative,1.0,493.325656260649,423.2127685546875,0.831859827041626
trace50.csv,0.5,True,multiplicative,10.0,494.0271690403272,423.3027648925781,0.8313812613487244
trace50.csv,0.5,False,additive,0.01,1255.7315596894107,1160.4962158203125,-0.08942604064941406
trace50.csv,0.5,False,additive,0.1,1255.7315596894107,1160.4962158203125,-0.08942604064941406
trace50.csv,0.5,False,additive,1.0,1255.7315596894107,1160.4962158203125,-0.08942604064941406
trace50.csv,0.5,False,additive,10.0,1255.7315596894107,1160.4962158203125,-0.08942604064941406
trace50.csv,0.5,False,multiplicative,0.01,1255.7315596894107,1160.4962158203125,-0.08942604064941406
trace50.csv,0.5,False,multiplicative,0.1,1255.7315596894107,1160.4962158203125,-0.08942604064941406
trace50.csv,0.5,False,multiplicative,1.0,1255.7315596894107,1160.4962158203125,-0.08942604064941406
trace50.csv,0.5,False,multiplicative,10.0,1255.7315596894107,1160.4962158203125,-0.08942604064941406
trace55.csv,0.001,True,additive,0.01,548.6446652889282,464.8040771484375,0.8298859596252441
trace55.csv,0.001,True,additive,0.1,441.92678268011775,346.0010986328125,0.8896281123161316
trace55.csv,0.001,True,additive,1.0,447.2163381686765,353.0216369628906,0.8869701623916626
trace55.csv,0.001,True,additive,10.0,453.9628805034614,363.4726257324219,0.8835341930389404
trace55.csv,0.001,True,multiplicative,0.01,1225.556608239701,1111.91552734375,0.15116244554519653
trace55.csv,0.001,True,multiplicative,0.1,1009.9206342579599,860.1288452148438,0.42358893156051636
trace55.csv,0.001,True,multiplicative,1.0,951.2288433915363,814.367431640625,0.488638699054718
trace55.csv,0.001,True,multiplicative,10.0,1012.4596288247744,858.5672607421875,0.4206870198249817
trace55.csv,0.001,False,additive,0.01,1270.6868713416377,1146.4083251953125,0.08749568462371826
trace55.csv,0.001,False,additive,0.1,1270.6868713416377,1146.4083251953125,0.08749568462371826
trace55.csv,0.001,False,additive,1.0,1270.6868713416377,1146.4083251953125,0.08749568462371826
trace55.csv,0.001,False,additive,10.0,1270.6868713416377,1146.4083251953125,0.08749568462371826
trace55.csv,0.001,False,multiplicative,0.01,1270.6868713416377,1146.4083251953125,0.08749568462371826
trace55.csv,0.001,False,multiplicative,0.1,1270.6868713416377,1146.4083251953125,0.08749568462371826
trace55.csv,0.001,False,multiplicative,1.0,1270.6868713416377,1146.4083251953125,0.08749568462371826
trace55.csv,0.001,False,multiplicative,10.0,1270.6868713416377,1146.4083251953125,0.08749568462371826
trace55.csv,0.01,True,additive,0.01,608.2572184117505,527.5548706054688,0.7909104228019714
trace55.csv,0.01,True,additive,0.1,432.02654721671905,339.3984069824219,0.8945178985595703
trace55.csv,0.01,True,additive,1.0,426.7352992488435,327.8477783203125,0.8970859050750732
trace55.csv,0.01,True,additive,10.0,427.81799211230003,331.1682434082031,0.8965629935264587
trace55.csv,0.01,True,multiplicative,0.01,1209.688027964235,1095.0701904296875,0.1730017066001892
trace55.csv,0.01,True,multiplicative,0.1,523.5980089725323,428.865966796875,0.8450634479522705
trace55.csv,0.01,True,multiplicative,1.0,482.3974146126822,386.14898681640625,0.8684872984886169
trace55.csv,0.01,True,multiplicative,10.0,488.581460710494,391.2353820800781,0.8650938272476196
trace55.csv,0.01,False,additive,0.01,1283.0523664293676,1154.5018310546875,0.06964951753616333
trace55.csv,0.01,False,additive,0.1,1283.0523664293676,1154.5018310546875,0.06964951753616333
trace55.csv,0.01,False,additive,1.0,1283.0523664293676,1154.5018310546875,0.06964951753616333
trace55.csv,0.01,False,additive,10.0,1283.0523664293676,1154.5018310546875,0.06964951753616333
trace55.csv,0.01,False,multiplicative,0.01,1283.0523664293676,1154.5018310546875,0.06964951753616333
trace55.csv,0.01,False,multiplicative,0.1,1283.0523664293676,1154.5018310546875,0.06964951753616333
trace55.csv,0.01,False,multiplicative,1.0,1283.0523664293676,1154.5018310546875,0.06964951753616333
trace55.csv,0.01,False,multiplicative,10.0,1283.0523664293676,1154.5018310546875,0.06964951753616333
trace55.csv,0.05,True,additive,0.01,698.6464815985263,550.9483032226562,0.7241501212120056
trace55.csv,0.05,True,additive,0.1,564.5607529309843,449.2729187011719,0.8198728561401367
trace55.csv,0.05,True,additive,1.0,559.2369242995316,438.2964782714844,0.8232540488243103
trace55.csv,0.05,True,additive,10.0,559.6850397768374,442.00390625,0.8229706883430481
trace55.csv,0.05,True,multiplicative,0.01,1271.9385303543563,1135.28857421875,0.08569711446762085
trace55.csv,0.05,True,multiplicative,0.1,554.0220832692502,435.0926818847656,0.8265349268913269
trace55.csv,0.05,True,multiplicative,1.0,497.8702453953239,396.9206237792969,0.8599154949188232
trace55.csv,0.05,True,multiplicative,10.0,513.7351883509635,389.3782958984375,0.850845456123352
trace55.csv,0.05,False,additive,0.01,1348.3397661568838,1201.55029296875,-0.027440190315246582
trace55.csv,0.05,False,additive,0.1,1348.3397661568838,1201.55029296875,-0.027440190315246582
trace55.csv,0.05,False,additive,1.0,1348.3397661568838,1201.55029296875,-0.027440190315246582
trace55.csv,0.05,False,additive,10.0,1348.3397661568838,1201.55029296875,-0.027440190315246582
trace55.csv,0.05,False,multiplicative,0.01,1348.3397661568838,1201.55029296875,-0.027440190315246582
trace55.csv,0.05,False,multiplicative,0.1,1348.3397661568838,1201.55029296875,-0.027440190315246582
trace55.csv,0.05,False,multiplicative,1.0,1348.3397661568838,1201.55029296875,-0.027440190315246582
trace55.csv,0.05,False,multiplicative,10.0,1348.3397661568838,1201.55029296875,-0.027440190315246582
trace55.csv,0.1,True,additive,0.01,596.0128459186094,504.378662109375,0.7992437481880188
trace55.csv,0.1,True,additive,0.1,487.0558232892817,384.6357727050781,0.8659350275993347
trace55.csv,0.1,True,additive,1.0,487.28617105351964,388.7894592285156,0.8658081889152527
trace55.csv,0.1,True,additive,10.0,495.438978331338,397.9501953125,0.8612803220748901
trace55.csv,0.1,True,multiplicative,0.01,1326.0149414693637,1171.0606689453125,0.006301403045654297
trace55.csv,0.1,True,multiplicative,0.1,560.6167084113708,476.6954650878906,0.822380781173706
trace55.csv,0.1,True,multiplicative,1.0,541.6744294315544,458.97149658203125,0.8341808915138245
trace55.csv,0.1,True,multiplicative,10.0,549.8991100647463,467.197509765625,0.8291071653366089
trace55.csv,0.1,False,additive,0.01,1403.837864569837,1211.7137451171875,-0.11376035213470459
trace55.csv,0.1,False,additive,0.1,1403.837864569837,1211.7137451171875,-0.11376035213470459
trace55.csv,0.1,False,additive,1.0,1403.837864569837,1211.7137451171875,-0.11376035213470459
trace55.csv,0.1,False,additive,10.0,1403.837864569837,1211.7137451171875,-0.11376035213470459
trace55.csv,0.1,False,multiplicative,0.01,1403.837864569837,1211.7137451171875,-0.11376035213470459
trace55.csv,0.1,False,multiplicative,0.1,1403.837864569837,1211.7137451171875,-0.11376035213470459
trace55.csv,0.1,False,multiplicative,1.0,1403.837864569837,1211.7137451171875,-0.11376035213470459
trace55.csv,0.1,False,multiplicative,10.0,1403.837864569837,1211.7137451171875,-0.11376035213470459
trace55.csv,0.5,True,additive,0.01,612.1009669572496,511.38421630859375,0.7882595062255859
trace55.csv,0.5,True,additive,0.1,539.5216052207734,445.35272216796875,0.8354963660240173
trace55.csv,0.5,True,additive,1.0,538.2029124781842,442.7123107910156,0.8362995386123657
trace55.csv,0.5,True,additive,10.0,538.2886946147021,443.11053466796875,0.8362473249435425
trace55.csv,0.5,True,multiplicative,0.01,1276.9962803391402,1177.88623046875,0.07841140031814575
trace55.csv,0.5,True,multiplicative,0.1,538.3888870974214,456.4518737792969,0.836186408996582
trace55.csv,0.5,True,multiplicative,1.0,529.0597792310431,446.9876708984375,0.8418142795562744
trace55.csv,0.5,True,multiplicative,10.0,529.7333940294873,446.89093017578125,0.8414111733436584
trace55.csv,0.5,False,additive,0.01,1388.7132083335277,1287.91455078125,-0.08989071846008301
trace55.csv,0.5,False,additive,0.1,1388.7132083335277,1287.91455078125,-0.08989071846008301
trace55.csv,0.5,False,additive,1.0,1388.7132083335277,1287.91455078125,-0.08989071846008301
trace55.csv,0.5,False,additive,10.0,1388.7132083335277,1287.91455078125,-0.08989071846008301
trace55.csv,0.5,False,multiplicative,0.01,1388.7132083335277,1287.91455078125,-0.08989071846008301
trace55.csv,0.5,False,multiplicative,0.1,1388.7132083335277,1287.91455078125,-0.08989071846008301
trace55.csv,0.5,False,multiplicative,1.0,1388.7132083335277,1287.91455078125,-0.08989071846008301
trace55.csv,0.5,False,multiplicative,10.0,1388.7132083335277,1287.91455078125,-0.08989071846008301
trace60.csv,0.001,True,additive,0.01,637.1285192172769,542.6129150390625,0.8025450706481934
trace60.csv,0.001,True,additive,0.1,509.7853102042074,417.70587158203125,0.873587965965271
trace60.csv,0.001,True,additive,1.0,518.8325837878727,425.5492858886719,0.8690611720085144
trace60.csv,0.001,True,additive,10.0,536.3187018928204,445.1425476074219,0.8600864410400391
trace60.csv,0.001,True,multiplicative,0.01,1390.3169602648168,1257.06298828125,0.0597538948059082
trace60.csv,0.001,True,multiplicative,0.1,976.9513805712135,821.0402221679688,0.5357415676116943
trace60.csv,0.001,True,multiplicative,1.0,974.1323382887974,800.447998046875,0.5384169816970825
trace60.csv,0.001,True,multiplicative,10.0,1002.159356090637,815.3279418945312,0.5114742517471313
trace60.csv,0.001,False,additive,0.01,1444.3228949926674,1314.90283203125,-0.014711260795593262
trace60.csv,0.001,False,additive,0.1,1444.3228949926674,1314.90283203125,-0.014711260795593262
trace60.csv,0.001,False,additive,1.0,1444.3228949926674,1314.90283203125,-0.014711260795593262
trace60.csv,0.001,False,additive,10.0,1444.3228949926674,1314.90283203125,-0.014711260795593262
trace60.csv,0.001,False,multiplicative,0.01,1444.3228949926674,1314.90283203125,-0.014711260795593262
trace60.csv,0.001,False,multiplicative,0.1,1444.3228949926674,1314.90283203125,-0.014711260795593262
trace60.csv,0.001,False,multiplicative,1.0,1444.3228949926674,1314.90283203125,-0.014711260795593262
trace60.csv,0.001,False,multiplicative,10.0,1444.3228949926674,1314.90283203125,-0.014711260795593262
trace60.csv,0.01,True,additive,0.01,670.5836310632701,589.7892456054688,0.7812642455101013
trace60.csv,0.01,True,additive,0.1,459.79784960349696,371.0672302246094,0.8971633911132812
trace60.csv,0.01,True,additive,1.0,456.02523573262914,366.4483947753906,0.8988440036773682
trace60.csv,0.01,True,additive,10.0,456.12847696674237,369.8092956542969,0.8987982273101807
trace60.csv,0.01,True,multiplicative,0.01,1297.605727869602,1172.02880859375,0.18097072839736938
trace60.csv,0.01,True,multiplicative,0.1,558.4252971526272,467.28765869140625,0.8483145236968994
trace60.csv,0.01,True,multiplicative,1.0,525.4851329961676,428.1031494140625,0.8656818270683289
trace60.csv,0.01,True,multiplicative,10.0,529.7655436605895,430.2293701171875,0.8634847402572632
trace60.csv,0.01,False,additive,0.01,1360.6075848678781,1223.3837890625,0.09950840473175049
trace60.csv,0.01,False,additive,0.1,1360.6075848678781,1223.3837890625,0.09950840473175049
trace60.csv,0.01,False,additive,1.0,1360.6075848678781,1223.3837890625,0.09950840473175049
trace60.csv,0.01,False,additive,10.0,1360.6075848678781,1223.3837890625,0.09950840473175049
trace60.csv,0.01,False,multiplicative,0.01,1360.6075848678781,1223.3837890625,0.09950840473175049
trace60.csv,0.01,False,multiplicative,0.1,1360.6075848678781,1223.3837890625,0.09950840473175049
trace60.csv,0.01,False,multiplicative,1.0,1360.6075848678781,1223.3837890625,0.09950840473175049
trace60.csv,0.01,False,multiplicative,10.0,1360.6075848678781,1223.3837890625,0.09950840473175049
trace60.csv,0.05,True,additive,0.01,755.4358013756033,608.3204345703125,0.7224066257476807
trace60.csv,0.05,True,additive,0.1,570.245013130321,433.6142272949219,0.8418253660202026
trace60.csv,0.05,True,additive,1.0,559.3831703313928,428.3006286621094,0.847793698310852
trace60.csv,0.05,True,additive,10.0,565.025497212294,432.02960205078125,0.8447076678276062
trace60.csv,0.05,True,multiplicative,0.01,1402.41786747032,1257.69091796875,0.04331547021865845
trace60.csv,0.05,True,multiplicative,0.1,687.0785981239701,518.844482421875,0.7703709602355957
trace60.csv,0.05,True,multiplicative,1.0,637.3640786473615,473.4002380371094,0.8023990392684937
trace60.csv,0.05,True,multiplicative,10.0,650.2625911891288,485.4702453613281,0.794320285320282
trace60.csv,0.05,False,additive,0.01,1479.6292609974973,1327.6973876953125,-0.06492674350738525
trace60.csv,0.05,False,additive,0.1,1479.6292609974973,1327.6973876953125,-0.06492674350738525
trace60.csv,0.05,False,additive,1.0,1479.6292609974973,1327.6973876953125,-0.06492674350738525
trace60.csv,0.05,False,additive,10.0,1479.6292609974973,1327.6973876953125,-0.06492674350738525
trace60.csv,0.05,False,multiplicative,0.01,1479.6292609974973,1327.6973876953125,-0.06492674350738525
trace60.csv,0.05,False,multiplicative,0.1,1479.6292609974973,1327.6973876953125,-0.06492674350738525
trace60.csv,0.05,False,multiplicative,1.0,1479.6292609974973,1327.6973876953125,-0.06492674350738525
trace60.csv,0.05,False,multiplicative,10.0,1479.6292609974973,1327.6973876953125,-0.06492674350738525
trace60.csv,0.1,True,additive,0.01,659.5964201691819,564.9029541015625,0.7883732914924622
trace60.csv,0.1,True,additive,0.1,507.6694914016402,418.33465576171875,0.8746351003646851
trace60.csv,0.1,True,additive,1.0,525.1548581132997,433.306640625,0.8658506274223328
trace60.csv,0.1,True,additive,10.0,508.7831223861499,417.1958312988281,0.87408447265625
trace60.csv,0.1,True,multiplicative,0.01,1468.0680331646759,1271.14404296875,-0.048349976539611816
trace60.csv,0.1,True,multiplicative,0.1,594.8800824535983,506.27032470703125,0.8278635740280151
trace60.csv,0.1,True,multiplicative,1.0,584.6941508173312,496.76031494140625,0.8337079882621765
trace60.csv,0.1,True,multiplicative,10.0,584.1416245226837,491.8649597167969,0.8340221047401428
trace60.csv,0.1,False,additive,0.01,1530.5871422431328,1328.63232421875,-0.1395411491394043
trace60.csv,0.1,False,additive,0.1,1530.5871422431328,1328.63232421875,-0.1395411491394043
trace60.csv,0.1,False,additive,1.0,1530.5871422431328,1328.63232421875,-0.1395411491394043
trace60.csv,0.1,False,additive,10.0,1530.5871422431328,1328.63232421875,-0.1395411491394043
trace60.csv,0.1,False,multiplicative,0.01,1530.5871422431328,1328.63232421875,-0.1395411491394043
trace60.csv,0.1,False,multiplicative,0.1,1530.5871422431328,1328.63232421875,-0.1395411491394043
trace60.csv,0.1,False,multiplicative,1.0,1530.5871422431328,1328.63232421875,-0.1395411491394043
trace60.csv,0.1,False,multiplicative,10.0,1530.5871422431328,1328.63232421875,-0.1395411491394043
trace60.csv,0.5,True,additive,0.01,668.8446194745085,575.8692016601562,0.7823972702026367
trace60.csv,0.5,True,additive,0.1,577.7614397396212,489.0384521484375,0.8376280665397644
trace60.csv,0.5,True,additive,1.0,577.8532739805149,488.6850280761719,0.8375764489173889
trace60.csv,0.5,True,additive,10.0,577.8963466747302,488.8936767578125,0.8375521898269653
trace60.csv,0.5,True,multiplicative,0.01,1385.734462297882,1271.551513671875,0.06594181060791016
trace60.csv,0.5,True,multiplicative,0.1,577.5548134160082,495.6298828125,0.8377441763877869
trace60.csv,0.5,True,multiplicative,1.0,566.556980805991,484.4945983886719,0.8438646793365479
trace60.csv,0.5,True,multiplicative,10.0,567.4217181691233,486.1186828613281,0.8433877229690552
trace60.csv,0.5,False,additive,0.01,1498.8960104023226,1380.6229248046875,-0.09284079074859619
trace60.csv,0.5,False,additive,0.1,1498.8960104023226,1380.6229248046875,-0.09284079074859619
trace60.csv,0.5,False,additive,1.0,1498.8960104023226,1380.6229248046875,-0.09284079074859619
trace60.csv,0.5,False,additive,10.0,1498.8960104023226,1380.6229248046875,-0.09284079074859619
trace60.csv,0.5,False,multiplicative,0.01,1498.8960104023226,1380.6229248046875,-0.09284079074859619
trace60.csv,0.5,False,multiplicative,0.1,1498.8960104023226,1380.6229248046875,-0.09284079074859619
trace60.csv,0.5,False,multiplicative,1.0,1498.8960104023226,1380.6229248046875,-0.09284079074859619
trace60.csv,0.5,False,multiplicative,10.0,1498.8960104023226,1380.6229248046875,-0.09284079074859619
